clonotypeKey	bestVHit	bestVGene	bestDHit	bestDGene	bestJHit
["CAAATGCAGATAGAGGAGTCGGGCCCGGGACTGGTGAAGCCCTCACAGACCCTGTCCCTCATCTGCACTGTCTCTGGTGACTCCATCAACAGTGGTGCTCACTACTGGACGTGGATCCGCCACCACCCAGGGAAGGGCCTGGAGTGGATTGGGTACATCTATTTCGGTGGGAGCGCCGACTACAACCCCTCCCTCAAGAGTCGACTTAGCATTTCCGCGGACACGTCTAAGAACCAGATCTCCCTGCAGTTGACGTCTGTGACTGCCGCGGACACGGCCGTCTATTACTGTGCGAGACGGGCTTTACTTCTCTGGTCGTTCGACCTTTGGGGCCAGGGAACCCTGGTCACCGTCTCCTCAG","IGHV4-31","IGHJ5","IGHG1"]	IGHV4-31*00	IGHV4-31	IGHD6-6*00	IGHD6-6	IGHJ5*00
["CAAGTGCAGCTACAGCAGTGGGGCGCAGGACTGTTGAAGCCTTCGGAGACCCTGTCCCTCACCTGCGCTGTCTATGGTGGGTCCTTCAGTGGTTACTACTGGAGTTGGATCCGCCAGTCCCCAGAAAAGGGACTGGAGTGGATTGGGGAAATCAATCATAGTGGAAGCACCAAGTATAACCCGTCCCTCGAGAGTCGAGTCACCATATCAATAGACACGTCCAAGAACCAGTTCTCCCTGAACCTGATCTCTGTGACCGTCGCGGACACGGGTGTGTATTACTGTGCGAGAGACCCTATCACGCCTGATCAATTTGACTACTGGGGCCTGGGAACCCTGGTCACCGTCTCCTCAG","IGHV4-34","IGHJ4","IGHG1"]	IGHV4-34*00	IGHV4-34	IGHD3-22*00	IGHD3-22	IGHJ4*00
["CAGATCACCTTGAAGGAGTCTGGTCCTACGCTGGTGAAACCCACACAGACCCTCACGCTGACCTGCGCCTTCTCTGGGTTCTCACTAAGCACTCCTACATTGGGTGTGGGCTGGATCCGTCAGCCCCCAGGAAAGGCCCTGGAGTGGCTTGCACTCATTTATTGGGATGATGATAAGCGCTACAGCCCATCTCTGAAGAGCAGGCTCACCATCACCAAGGACACCTCCGAAAACCAGGTGGTCCTTACAATGGCCAACATGGACCCTGTGGACACAGCCACATATTACTGTGCACACAGACAGCCGAATGGTGGGAGTTCCAGCTTTGACTACTGGGGCCCGGGAACCCTGGTCACCGTCTCCTCAG","IGHV2-5","IGHJ4","IGHG1"]	IGHV2-5*00	IGHV2-5	IGHD1-7*00	IGHD1-7	IGHJ4*00
["CAGATCACCTTGAAGGAGTCTGGTCCTACGCTGGTGAAACCCACACAGACCTTCACGCTGACCTGCACCTTCTCTGGGTTCTCACTCAGCACTAGTGGAGTGGGTGTGGGCTGGATCCGTCAGCCCCCAGGAAAGGCCCTGGAGTGGCTTGCACTCATTTATTGGGATGATGATAAGCGCTACAGCCCATCTCTGAAGAGCAGGCTCACCATCACCAAGGACACCTCCAAAAACCAGGTGGTCCTTACAATGACCAACATGGACCCTGTGGACACAGCCACATATTACTGTGCACGTCCGGGGCTTGGGGTGCGAGCTACTCTCTACTGGGGCCAGGGAACCCTGGTCACCGTCTCCTCAG","IGHV2-5","IGHJ4","IGHG1"]	IGHV2-5*00	IGHV2-5	IGHD1-26*00	IGHD1-26	IGHJ4*00
["CAGATGCAACTGGTGGAGTCTGGGGGAGGCGTGGTCCAGCCTGGGACGTCCCTGACAATCTCCTGTGCAGCCTCTGGATTCGCCTTCAGTAGTTATTCGCTGCACTGGGTCCGCCAGACTCCAGGCAGGGGGCTGGAGTGCCTGGCTCATATCTCATTTGATGGCAGTAAGGCATATTATGCAGAGTCCGTACAGGGCCGATTCACCATCTCCAGAGACAACTCCAAGAACACACTGTATCTCCGCATGAACAGCCTGAGACCTGAGGACTCGGCTCTTTATTACTGTGCGAAAGATCTGTGGGGGGAGACTACAAGGAACACCGGTATGGACGTCTGGGGCCAAGGGACCACGGTCACCGTCTCCTCAG","IGHV3-30","IGHJ6","IGHG1"]	IGHV3-30*00	IGHV3-30	IGHD2-15*00	IGHD2-15	IGHJ6*00
["CAGATGCAGCTGCAGGAGTCGGGCCCAGGACTGGTGAAGCCTTCGGAGACCCTGTCCCTCACCTGCACTGTCTCTGGTGGCTCCATCAGCAGTTACTACTGGAGCTGGATCCGGCAGCCCCCAGGGAAGGGACTGGAGTGGATTGGGGAGATCCATCACAGTGGGAGCACCAACTACAACCCCTCCCTCAAGAGTCGAGTCACCATGTCAGTAGACACGTCCAAGAACCAGTTCTCCCTGAAGCTGAGGTCTGTGAACACTGCGGACACGGCCGTGTTTTATTGTGCGAGAGTCATTTCCTCTACCCTCAAAAACTGGGGCCAGGGAACCCTGGTCACCGTCTCCTCAG","IGHV4-59","IGHJ4","IGHG1"]	IGHV4-59*00	IGHV4-59	IGHD3-9*00	IGHD3-9	IGHJ4*00
["CAGCTACAGCTGCAGCAGTCAGGTCCAGGACTGGTGAAGCCCTCGCAGACCCTCTCACTCACCTGTGTCATCTCCGGGGACAGTGTCTCTAGCAATAGTGCTGCTTGGAACTGGATCAGGCAGTCCCCATCGAGAGGCCTTGAGTGGCTGGGAAGGACATACTACAGGTCCAATTGGATTTTTGATTATGCAGTTTCTGTAAAAAGTCGAATAATTATCAACCCAGACACATCCAAGAACCAATTCTCCCTGCAGCTGAGTTCTTTGACTCCCGAGGACACGGCTGTCTACTATTGTGCAAGAGGCCGGCAGTCCTCCTTTGACTTCTGGGCCCAGGGAACCCTGGTCACCGTCTCCATAG","IGHV6-1","IGHJ4","IGHG1"]	IGHV6-1*00	IGHV6-1	IGHD2-2*00	IGHD2-2	IGHJ4*00
["CAGCTGCAGCTGCAACAGTCGGGCCCAAGACTGGTGAAGCCTTCGGAGACCCTGTCCCTCACCTGCACTGTCTCTGGTGACTCCATCACCAGTAATGGTTATTACTGGGGTTGGATCCGCCAGGCCCCCGGGCAGGGCCTAGAGTGGATTGGCAGTATTTACTTCAGTGGGAGCACCTATTATCAGCCGTCCCTTAAGGGTCGAGTCTCCCTCTCGGTTGACACGTCCAAGAACGAATTCTCCCTGAACCTGACCTCTGTGACCGCCGCGGACACGGCTATGTATTACTGTGCGAGAACTGCGGGATCTTGTCGCGCTACGTCTTGTCCACCGAACAACTGGTTCGGCCCCTGGGGCCAGGGGGCCCTGGTCAGCGTCTCTTCAG","IGHV4-39","IGHJ5","IGHG1"]	IGHV4-39*00	IGHV4-39	IGHD7-27*00	IGHD7-27	IGHJ5*00
["CAGCTGCAGCTGCAGGAGTCGGGCCCAGGACTGCTGAAGCCTTCGGAGACCCTGTCCCTCACCTGCACTGTCTCTGGTGGCTCCATCAGTAGTAGTAGTTACTACTGGGCCTGGATCCGCCAGCCCCCAGGGAAGGGCCTGGAGTGGATTGGGAGTATTCATTATAGTGGGAGCACCTATTACAATGCGTCCCTCAAGAGTCGAGTCACCATATCCGTTGACACGTCCAAGAACCAGTTCTCCCTGAAGCTGAGCTCTGTGACCGCCGCAGACACGGCTACATATTACTGTGCGAGACCGGCTATAACTGGAACCGCCTGGCCGTTTGAGTACTGGGGCCAGGGAACCCTGGTCACCGTCTCCTCAG","IGHV4-39","IGHJ4","IGHG1"]	IGHV4-39*00	IGHV4-39	IGHD1-20*00	IGHD1-20	IGHJ4*00
["CAGCTGCAGCTGCAGGAGTCGGGCCCAGGACTGGTGAAGCCTTCGGAGACCCTGTCCCTCACCTGCACTGTCTCTGGTGGCTCCATCAGCAGTAGTAGATACTCCTGGGGCTGGATCCGCCAGCCCCCAGGGAAGGGGCTGGAGTGGATTGGGAGTCTCTATTATAGTGGGAGCAACCACTACAACCCGTCCCTCAGGAGTCGAGTCACCATTTCCGTTGACACGTCCAAGAACCATTTCTCCCTGAAGCTGAGTTCTGTGACCGCCGCAGACACGGCTGTGTATTACTGTACGAGACACTCTTTAGCGAGTATAGTAGCGTTCTTTGACTACTGGGGCCAGGGAGCCCTGGTCACCGTATCCTCAG","IGHV4-39","IGHJ4","IGHG1"]	IGHV4-39*00	IGHV4-39	IGHD6-6*00	IGHD6-6	IGHJ4*00
["CAGCTGCAGCTGCAGGAGTCGGGCCCAGGACTGGTGAAGCCTTCGGAGACCCTGTCCCTCACCTGCACTGTCTCTGGTGGCTCCATCAGCAGTAGTGGTTACTACTGGGGCTGGATCCGCCAGCCCCCAGGGAAGGGGCTGGAGTGGATTGGGAGTATCTATTATAGTGGGAGCACCTACCACAACCCGTCCCTCAAGAGTCGAGTCACCATATCCGTAGAAACGTCCAAGAACCAGTTCTCCCTGAAGCTGAGCTCTGTGACCGCCGCAGACACGGCTGTATATTACTGTGCGAGACAGGGGGATAGTAGTGGTTATTACTACGTTTGGGGCCAGGGAACCCTGGTCACCGTCTCCTCAG","IGHV4-39","IGHJ4","IGHG1"]	IGHV4-39*00	IGHV4-39	IGHD3-22*00	IGHD3-22	IGHJ4*00
["CAGCTGCAGCTGCAGGAGTCGGGCCCAGGACTGGTGAAGCCTTCGGAGACCCTGTCCCTCACCTGCAGTGTCTCTGGTGGCTCCATTCGTAGTGACCACTGGAGTTGGGTCCGACAGCCCCCCGGAAAGGGACTGGAGTGGATCGGCCATATCTCTCACATTGGGAGTACCAGCTACAACCCTTCCCTCAGGAGTCGCGTCACCATGTCTATAGCCACGTCCAAGAACGGGTTCTCCCTGGAACTGAGGTCTATGACCGCTGCGGACACGGCCAGGTATTACTGTGCGGTCCATTCAGGGGACTTTTACTACAACGGCATGGACGTCTGGGGCCAAGGCACCACGGTCACCGTCTCCTCAA","IGHV4-59","IGHJ6","IGHG1"]	IGHV4-59*00	IGHV4-59	IGHD3-10*00	IGHD3-10	IGHJ6*00
["CAGCTGCAGCTGCAGGAGTCGGGCCCAGGACTGGTGAAGCCTTCGGAGACCCTGTCTCTCACCTGCACTGTCTCTGGTGACTCCATCACCAGGAGTGATTACTACTGGGGCTGGATCCGCCAGCCCCCAGGGAAGGGACTGGAGTGGATTGAGAGTATTTCTTATAGTGGGAGGACCTACTCCAACCCGTCCCTCAAGAGTCGAGTCACCACATCTGTAGACACGGCCAAAGACCAGTTCTCCCTGAAGCTGACTTCTGTGACCGCCGCAGACACGGCTGTCTATTACTGTGCGAGACACGCCAACTATTAGTGATAAATGCCACGACGCTCTTGATATCTGGGGCCAAGGGACAATGATCACCGTCTCTTCAG","IGHV4-39","IGHJ3","IGHG1"]	IGHV4-39*00	IGHV4-39	IGHD3-16*00	IGHD3-16	IGHJ3*00
["CAGCTGCAGCTGCAGGAGTCGGGCCCAGGACTGGTGAAGCCTTCGGAGACCCTTTCACTCACTTGCGATGTCTCTGGTGGCTCCCTCAGCGGTGGTTTTTACTACTGGGGCTGGATCCGCCAGCCCCCTGGGAAGGGACTGGAGTGGATTGGGACTATCTATTTCACTGGGAACACCTACTACAATCCGTCCCTCAAGAGTCGACTCTCCATATCGTTAGACACGTCCAAGAACCAGTTCTCCCTGGAGCTGGCCTCTGTGACCGCCGCAGACACGGCTATATATTACTGTGCGACCAATTACGCTATTTGGAGTGGTTATGAAGTGGCCGATGCTTTTGAGATCTGGGGCCAAGGGACAGTGGTCACCGTCTCTTCAG","IGHV4-39","IGHJ3","IGHG1"]	IGHV4-39*00	IGHV4-39	IGHD3-3*00	IGHD3-3	IGHJ3*00
["CAGCTGCAGGAGTCGGGCCCAGGACTGGTGAAGCCTTCGGAGACCCTGTCCCTCACCTGCACTGTCTCTGGTGTCTCCATCAGCAGTACTACTTTCTCCTGGGGCTGGATCCGCCAGCCCCCAGGGAAGGGGCTGGAATGGATTGGCAGTATTTATTATAGTGGGAGCACGCACTACAATCCGTCCCTCAAGAGTCGAGTCACCATTTCCGTAGACACTTCCAAGAACCAGTTCTCCCTGAGGTTGACTTCTGTGAGCGCCGCAGACACGGCTGTCTATTACTGTGCGAGCCCTATGCAGGAGGGGCCCCCCTTCCCATTTGACTCCTGGGGCCAGGGAAGCCTGGTCTCCGTCTCCTCAG","IGHV4-39","IGHJ4","IGHG1"]	IGHV4-39*00	IGHV4-39	IGHD2-2*00	IGHD2-2	IGHJ4*00
["CAGCTGCAGTTGCAGGAGTCGGGCCCAGGACTGGTGAAGCCTTCGGAGACCCTGTCCCTCACCTGCACTGTCTCCAGTGGCTCCATCAGCCGAAGTTATTCCTACTGGGGCTGGATCCGCCAGCCCCCAGGGAAGGGGCTAGAGTGGATTGGGACTATCTATTATAGTGGGAAAACCTTCTACAACTCGTCCCTCAACAGTCGAGTCACCATATCAGTAGACACGTCCAAGAACCAGATCTCCCTGAAGCTGACCTCTGTGACCGCCGCGGAGACGGCCGTGTTTTATTGTGCGAGGGGGTCGGGGAAAAACTACTTTGACTCCTGGGGCCAGGGAACCCTGGTCACCGTCTCGTCAG","IGHV4-39","IGHJ4","IGHG1"]	IGHV4-39*00	IGHV4-39	IGHD3-16*00	IGHD3-16	IGHJ4*00
["CAGCTGCAGTTGCAGGAGTCGGGCCCAGGACTGGTGAAGCCTTCGGAGACCCTGTCCCTCACCTGCACTGTCTCTGGTGGCTCCATCAGCAGTAGTAGTTACTACTGGGGCTGGATCCGCCAGCCCCCAGGGAAGGGGCTGGAGTGGATTGGGAGTGTCTATTATAGTGGGAGCACCTTCTACAACCCCTCCCTGAAGAGTCGAATCTCCATATCCGTGGACACGTCCAAGAACCAGTTCTCCCTGAGGCTGAGCTCTGTGACCGCCGCAGACACGGCTCTATATTACTGTGCGAGACTAAATACGGAAACGGTTATCGACCTTTACCCGGGACCCCCTTACTTTGACTACTGGGGCCAGGGAACCCTGGTCGCCGTCTCCTCAG","IGHV4-39","IGHJ4","IGHG1"]	IGHV4-39*00	IGHV4-39	IGHD6-13*00	IGHD6-13	IGHJ4*00
["CAGCTGCAGTTGCAGGAGTCGGGCCCAGGACTGGTGAAGCCTTCGGAGACCCTGTCCCTCACCTGCACTGTCTCTGGTGGCTCCATCAGCAGTAGTAGTTACTACTGGGGCTGGATCCGCCAGCCCCCAGGGAAGGGGCTGGAGTGGATTGGGAGTGTCTATTGGAGTGGGAACACCTACTACAACCAGTCCCTCAAGAGTCGAGTCACCATATCCGTAGACACGTCCAAGAACCAGTTCTCCCTGAAGCTGAGCTCTGTGAACGCCGCAGACACGGCTGTGTATTATTGTGCGAGAAATACGGGGTTTTGTAGTGGTGGTAGGTGCTACCTACCAAACTTTGACAACTGGGGCCAGGGAACCCTGGTCACCGTCTCCTCAG","IGHV4-39","IGHJ4","IGHG1"]	IGHV4-39*00	IGHV4-39	IGHD2-15*00	IGHD2-15	IGHJ4*00
["CAGGCCCAGCTGGTGCAATCTGGGGCTGAGGTGAAGAAGCCTGGGTCCTCGGTGAGGGTTTCATGTGAGGCCTCTGGAGGCACCTTCAGCAGTGATAGTGTCAACTGGGTGCGACAGGCCCCTGGACAAGGGCTTGAGTGGATTGGAAGGATCATTCCTATCCTAGGCACCACAAACTACGCGCGGAAGTTCCAGGGCAGAGTCACGATGATCGCGGACAAGTCCACGAGCACAGCCTACATGGAACTTATCAGTCTGAGATACGAGGACACGGCCATATATTTCTGTGCGAGAAATGACTTCGGTGACATTGCGGCGGGACGGGGTATGGACGTCTGGGGCCAAGGGACCACGGTCATCGTCTCCTCAG","IGHV1-69","IGHJ6","IGHG1"]	IGHV1-69*00	IGHV1-69	IGHD4-17*00	IGHD4-17	IGHJ6*00
["CAGGCCCCACTGGTGCAATCTGGGGCTGAGGTGAAGCAGCCTGGGTCCTCGGTGAAGGTCTCCTGCAAGGCTTCTGGAGGCACCTTCAGCAGCGATAGTCTCAACTGGGTGCGACTGGCCCCTGGACAAGGGCTTGAGTGGATAGGAAGGATCATCCCTATCCTAGGTACAGCAAACTCTGCTCACAAATTCCAGGGCAGAGTCGCGATTACCGCGGACAAATCCACGGGCACAGCCTACATGGAACTGAGCAGCCTGACATACGAGGACACGGCCGTCTATTACTGTGCGAGAAATGACTTCGGTGACATTACGGCGGGCCGGGGTATGGACGTCTGGGGCCAAGGGACCACGGTCACCGTCTCCTCAG","IGHV1-69","IGHJ6","IGHG1"]	IGHV1-69*00	IGHV1-69	IGHD4-17*00	IGHD4-17	IGHJ6*00
["CAGGGTCAACTGGTGCAGTCTGGAGCTGAGGTGAAGAAGCCTGGGGCCTCAGTGAAGGTCTCCTGCAAGGCTTTCGATTACACCCTTAGTAGTTATGGCATCAGCTGGGTGCGACAGGCCCCTGGACAAGGGCTTGAGTGGATGGGATGGATCAGCGGTCACAATGGTAATATAAATTATGCACAGAAGTTCCAGGGCAGAGTCACCCTGACCACAGATACATCCACGAGCACCGCCTACATGGAGCTGAGGAGCCTGAAACCTGACGACACGGCCATTTATTACTGTGCGAGAGACTGGTATTACTATGGTTCGGGGAGTCATTATGCACTTGATATCTGGGGCCAGGGGACAGTGGTCACCGTCTCTTCAG","IGHV1-18","IGHJ3","IGHG1"]	IGHV1-18*00	IGHV1-18	IGHD3-10*00	IGHD3-10	IGHJ3*00
["CAGGTCACCTTGAAGGAGTCTGGTCCTGCGCTGGTGAAACCCACAGAGAGCCTCGAACTGACATGCACCTTCTCTGGATTCTCTCTCAACACGCATGGCATGTCTGTGGCTTGGATCCGTCAGCCCCCAGGGAAGGCCCTGGAGTGGCTTGCTCTCATTGAGTGGGATGATGATAAGTTTTACAGCGCTTCTCTGAGGACCAGGCTCACCATCTCCAAGGACACCTCCAGAAACGTGGTGGTCCTGAAATTGACCAACTTGGACCCTGTAGACACAGCCACATATTTTTGTGCACGGAGTACCGAACCACATTATAATTCAAACTTTGACTTCTGGGGCCAGGGAACCCTGGTCACCGTCTCGTCCG","IGHV2-70","IGHJ4","IGHG1"]	IGHV2-70*00	IGHV2-70	IGHD1-14*00	IGHD1-14	IGHJ4*00
["CAGGTCACCTTGAGGGAGTCTGGTCCTGCGCTGGTGAAACCCACACAGACCCTCACACTGACCTGCACCTTCTCTGGGTTCTCACTCAGTACTAGTGGAATGTGTGTGACCTGGATCCGTCAGCCCCCAGGGAAGGCCCTGGAGTGGCTTGCACTCCTTGATTGGGATGATGATAAGTACTACAGTACATCTCTGAAGACCAGACTCACCATCTCCAAGGACACCTCCAGAAATCAGGTGGTCCTTACAATGACCAACATGGACCCTGTGGACACAGGCACGTTTTACTGTGCACGGATTGATGGCAACAGTGGCTGGATCGTTGACTACTGGGGCGAGGGAACCCTGGTCACCGTCTCCTCAG","IGHV2-70","IGHJ4","IGHG1"]	IGHV2-70*00	IGHV2-70	IGHD6-19*00	IGHD6-19	IGHJ4*00
["CAGGTCCAACTGGTACAGTCTGGGGCTGAGGTGAAGAAGCCTGGGGCCTCAGTGAAGGTCTCCTGCAAGGTTTCTGGACACATCCTCACTGAATTATCCATGCACTGGGTGCGACAGGCTCCTGGAGAAGGGCTTGAGTGGCTGGGAGGTTTTGATCCTGGAGATGGTAAAACAATCTACGCACCGAAGTTTCAGGGCAGAGTCACGATGACCGAGGACACATCTGCAGAAACAGCCTATATGGACCTGAGCAGTCTGAGATCTGAGGACACGGCCGTGTATTACTGTGCGACAGGACCAGAAAAGACATCGGTTGCTTTTGATTTCTGGGGCCAAGGGACACTGGTCACCGTCTCCTCAG","IGHV1-24","IGHJ3","IGHG1"]	IGHV1-24*00	IGHV1-24	IGHD2-8*00	IGHD2-8	IGHJ3*00
["CAGGTCCAACTTGTGCAGTCTGGGGCTGAGATGAAGAAGCCTGGGGCCTCAGCGACAGTTTCCTGTCAGGCTTCTGGATACAGTTTCACTGTCTATGGGATCCATTGGGTGCGCCAGGCCCCCGGACAAGGGCCTGAGTGGATGGGCTGGATCCACGCTGGCAACGGCAACTTTGATTATTCTGAGAAATTCCAGGACAGAGTCACCATTTCCAGAGACACGTCCGCGAGCACAGTTTACATGGAGCTGAGGAATCTGAAGTCTGAAGATACGGCAGTGTATTACTGTTCGAGGCGGGGCGTGAGTGGGAGCTGGGCCTCTGATGTCTGGGGCCAAGGGACACAGGTCACAGTCTCCTTAG","IGHV1-3","IGHJ3","IGHG1"]	IGHV1-3*00	IGHV1-3	IGHD1-26*00	IGHD1-26	IGHJ3*00
["CAGGTCCAGCTGGTACAGTCTGGGGCTGAGGTGAAGAAGCCTGGGGCCTCAGTGAAGGTCTCCTGCAAGGTTTCCGGATACACCCTCACTGAATTATCCATGCACTGGGTGCGACAGGCTCCTGGAAAAGGGCTTGAGTGGATGGGAGGTTTTGATCCTGAAGATGGTGAAACAATTTACTCACAGAAGTTGCAGGGCAGAGTCACCATGACCGAGGACACATCTACAGACACAGCCTACATGGAGCTGAGCAGCCTGAGATCTGAGGACACGGCCATGTATTACTGTGCAAGAAACTTCGCGTATCGTTCGGGGATTTCTCGGTTCTTTGACTACTGGGGCCAGGGAACCCTGGTCACCGTCTCCTCAG","IGHV1-24","IGHJ4","IGHG3"]	IGHV1-24*00	IGHV1-24	IGHD3-10*00	IGHD3-10	IGHJ4*00
["CAGGTCCAGCTGGTGCAATCTGGGACTGAGGTGAAGAAGCCTGGGTCCTCGGTGAAAGTCTCCTGCAAGGCTTTTGGAGGCACCTTCAGTAGTGAAACTATCAGCTGGGTGCGACAGGCCCCTGGACAAGGGCTTGAGTGGATGGGAAGGATCATCCCTATCATGAATATTGCACACTACGCACAGAACTATCAGGGAAGAGTCACGATTACCGCGGACAAATCCACGAGCACATCCTTCATGGAGCTGAGCGGCCTGGGATCTGATGACACGGCCATCTATTACTGTGCGAGCACCGACCCAAAGTATAGGACCAGCTGGTCCTACTACGGCATGGACGTCTGGGGCCAAGGGACCACGGTCACCGTCTCCTCAG","IGHV1-69","IGHJ6","IGHG1"]	IGHV1-69*00	IGHV1-69	IGHD6-13*00	IGHD6-13	IGHJ6*00
["CAGGTCCAGCTGGTGCAATCTGGGGCTGAGGTGAAGAAGCCTGCGTCCTCGGTGAAGGTCTCCTGCAAGGCTTCTGGAGGCCCCTTCAGCAGCTATAGTATCAACTGGGTGCGACAGGCCCCTGGACAAGGGCTTGAGTGGATGGGAAGGATCATCCCTATCCTCGCTCTGGCAAACTACACACAGAAGTTCCAAGGCAGAGTCACGATTACCGCGGACAAGTCCACCAGCACAGCCTACATGGAGCTGACCAGCCTGAGATCTGAGGACACGGCCATCTATTACTGTGCGAGATCGTATAATGGGAGACCCTTTGACTCCTGGGGCCAGGGAACCCTGGTCACCGTCTCCTCAG","IGHV1-69","IGHJ4","IGHG1"]	IGHV1-69*00	IGHV1-69	IGHD1-26*00	IGHD1-26	IGHJ4*00
["CAGGTCCAGCTGGTGCAATCTGGGGCTGAGGTGAAGAAGCCTGGGTCCTCGGTGAAAATCTCCTGCGAGGCTTCTGGAGGCACCGTCGGCAGCGATACTATCCACTGGGTGCGACAGGCCCCGGGACAAGGACTTGAGTGGATAGGCAGGATCATCCCAATCCTAGGGAACACAAACCACGGACAGAAATTTCGGGGCAGAGTCACGATTACCGCGGACAAATCCACGGGCACAGCCTACATGGAACTGACCAGCCTGACATTTGGGGACACGGCCGTCTATTACTGTGCGACAAATGACTTCGGTGACATAGCGGCGGGAAGGGGTTTGGACGTCTGGGGCCAAGGGACCACGGTCACCGTCTCCTCAG","IGHV1-69","IGHJ6","IGHG1"]	IGHV1-69*00	IGHV1-69	IGHD4-17*00	IGHD4-17	IGHJ6*00
["CAGGTCCAGCTGGTGCAGTCTGGGGCTGAGATGAAGAAGCCTGGGTCCTCGGTGGAGGTCTCCTGCAAGGCTTCTGGAGGCACCTTCAGCAGCTATGCTCTCAACTGGGTGCGACAGGCCCCTGGACAAGGGCTTGAGTGGATGGGAAGGATCATCCCTATCCTTGGTATAGTAAACTACGCACAGAAGTTCCAGGGCAGAGTCACGATTACCGCGGACAACTCCACGAGCACAGCCTACATGGAGCTGAGCAGCCTGAGATATGAGGACACGGCCATATATTATTGTGCGACAGTAGCCACCCGGGCATATGGTTCGGGGATCGACTGGTTCGACCCCTGGGGCCAGGGAACCCTGGTCACCGTCTCCTCAG","IGHV1-69","IGHJ5","IGHG1"]	IGHV1-69*00	IGHV1-69	IGHD3-10*00	IGHD3-10	IGHJ5*00
["CAGGTCCAGCTGGTGCAGTCTGGGGCTGAGGTGAAGAAGCCTGGGTCCTCAGTGAAGGTCTCCTGCAAGGCTTCTGGAGACACCTTCAGCAGCTATGCTATCAACTGGGTGCGACAAGCCCCTGGACAAGGGCTTGAGTGGATGGGAAGGATCATCCCTATGCTTGGTATAGTAAATTATTCACAGAAGTTCCAGGGCAGAGTCACGATTACCGCGGACAAATCCACGAGCACAGCCTACATGGAGCTGAGCAGCCTGAGATCTGAGGACACGGCCGTATATTTCTGTGCGAGAGAATGGATGGGGGATCGCTATCTTGACTACTGGGGCCAGGGAGTCCTGGTCAGCGTCTCCTCAG","IGHV1-69","IGHJ4","IGHG1"]	IGHV1-69*00	IGHV1-69	IGHD3-16*00	IGHD3-16	IGHJ4*00
["CAGGTCCAGCTGGTGCAGTCTGGGGCTGAGGTGAAGAAGCCTGGGTCCTCGGTGAGGGTCTCTTGCAAGGCTTCTGGAGGCACCGTCGACAGCGATAGTATCCACTGGGTGCGACAGGCCCCGGGACAAGGACTAGAGTGGATAGGCAGGATCATCCCAATCCTCGGGAACACAAACCACGCACAGAAATTTCAGGGCAGAGTCACGATAACCGCGGACAAATCAACGAGCACAGCCTACATGGAGCTGAGCAGCCTGAGATTTGGGGACACGGCCGTCTATTACTGTGCGACAAATGACTTCGGTGACATAGCGGCGGGCAGGGGTTTGGACGTCTGGGGCCAAGGGACCACGGTCACCGTCTCCTCAG","IGHV1-69","IGHJ6","IGHG1"]	IGHV1-69*00	IGHV1-69	IGHD4-17*00	IGHD4-17	IGHJ6*00
["CAGGTCCAGCTGGTTCAATCTGGGGCTGAGGTGAAGAAGCCTGGGTCCTCGGTGAAGGTCTCCTGCAAGGCTTCTGGAGGCACCTTTAGCAGTTATACTATCAGCTGGGTGCGACAGGCCCCTGGACAAGGGCTTGAGTGGATGGGGAGGATCATCCCTATCCTTGATGTTATAAACTACGCAGAGAAGTTCCAGGGCAGAGTCACTATTAGCGCGGACAAATCCACGAGCACAGCCTACATGGAGCTGAGCAGCCTGAGATCTGAGGACACGGCCGTGTATTATTGTGCGCGACTTGGACTTATAGACCCGACTACAGAAGCAGGTGGTCCGGGGGGCCTGTGGGGCCAGGGAACCCTGGTCACCGTCTCCTCAG","IGHV1-69","IGHJ4","IGHG1"]	IGHV1-69*00	IGHV1-69	IGHD6-13*00	IGHD6-13	IGHJ4*00
["CAGGTCCAGCTTGTGCAGTCTGGGGCTGAGGTGAAGAAGCCTGGGGCCTCAGTGAAGGTTTCCTGCAAGACTTCTGGATACATCTTCATTAACTCTGGTATGCATTGGGTGCGCCAGGCCCCCGGACAAAGGCCTGAGTGGATGGGATGGATCAGCGCTGACAGTGGTGACACAAGGTATTCAGAGAAGTTCCAGGGCAGAGTCACCATTACCAGGGACACATCCGCGGATACAGTTTACATGGAACTGACCAACCTGAGATCTGAGGACATGGCTGTCTATTACTGTGCGAGGGCACTGGCGGGCAGCAGTTGGTACGGCTGGTTCGACCCCTGGGGCCAGGGAACCCTGGTCACCGTCTCCTCAG","IGHV1-3","IGHJ5","IGHG1"]	IGHV1-3*00	IGHV1-3	IGHD6-13*00	IGHD6-13	IGHJ5*00
["CAGGTCCAGCTTGTGCAGTCTGGGGCTGAGGTGAAGAAGCCTGGGGCCTCAGTGAAGGTTTCCTGCAAGGCTTCTGGATACACCTTCACTAGCTATGCTATGCATTGGGTGCGCCAGGCCCCCGGACAAAGGCTTGAGTGGATGGGATGGATCAACGCTGGCAAGGGTAACACAAAATATTCACAGAAGTTCCAGGGCAGCGTCACCATTACCAGGGACACATCCGCGAGCACAGCCTACTTGGAGCTGAGCAGTCTGAGATCTGAAGACACGGCTGTCTATTACTGTGCCTTCGGTAATTTTTGGAGTGGTTATTATGAATACTACTTTGACTACTGGGGCCAGGGAACCCTGGTCACCGTCTCCTCAG","IGHV1-3","IGHJ4","IGHG1"]	IGHV1-3*00	IGHV1-3	IGHD3-3*00	IGHD3-3	IGHJ4*00
["CAGGTCCAGTTGGTGCAGTCTGGGGCTGCGCTAAAGAGGCCTGGGTCCTCAATGAAGGTCTCCTGTAAGGCTTCTGGAGGCACCTTCAGCAGCGATGCTCTCAGTTGGGTGCGACAGGCCCCTGGACATGGGCTTGAGTGGATGGGAGGGATCATCCCAATCTTCACAACACCATATTACGCACAGAAGTTCCAGGGCAGAGTCACGATGACCGCAGACACATCCACGGGCACAGCCTATTTGGAGTTGAGCAGCCTCAGTTCTGACGACACGGCCACTTATTACTGTGCGAGAGGACGTTCGGGTGTGTGGGGGCCTTTTGACTTCTGGGGCCAGGGAACCCTGGTCACCGTCGCCTCAG","IGHV1-69","IGHJ4","IGHG1"]	IGHV1-69*00	IGHV1-69	IGHD3-16*00	IGHD3-16	IGHJ4*00
["CAGGTGCAAATACAGGAGTCGGGCCCAGGACTGGTGAGGCCTTCGGAGACCCTGTCCCTCATTTGCACTGTCTCTGGTGCCTCCATCACTGATTACTACTGGAACTGGATCCGGCAGTCCGCCGGGAAGGGACTGGAGTGGATTGGGCGTTTCGATCCCAGTGGGACCACCAACTACAACCCCTCCCTCAAGAGTCGAGTCACCATGTCAATAGACACGTCCAAGAACCAGTTCTCCCTGAAACTGACTTCTGTGACCGCCGCGGACACGGCCGTCTATTTCTGTGCGATCGGGGCCCGGCCCCACTTCTACTACTACACGGACGTCTGGGGCAAAGGGACCACGGTCACCGTCTCCTCAG","IGHV4-59","IGHJ6","IGHG1"]	IGHV4-59*00	IGHV4-59	IGHD2-2*00	IGHD2-2	IGHJ6*00
["CAGGTGCAACTACAGCAGTGGGGCGCAGGACTATTGAAGCCTTCGGAGACCCTGTCCCTCACCTGCGCTGTCTATGGTGGGTCCTTCAGTGGTTACTACTGGAACTGGATCCGCCAGTCCCCAGGGAAGGGGTTGGAGTGGATTGGGGAAATCAATCATAGAGGAAACACCAGCTACAACCCGTCCTTCAAGAGTCGAGTCACCATGTCAGTAGACACGGCGAAGAACCAGTTCTCCCTGAAGCTGAGATCTGTGACCGCCGCGGACACGGCTATGTATTACTGTGCGAGGGGCGACGACGGTCTCATATCAGTGGCCCTGACTTTTGACTACTGGGGCCAGGGAGCCCTGGTCACCGTCTCCTCAG","IGHV4-34","IGHJ4","IGHG1"]	IGHV4-34*00	IGHV4-34	IGHD6-19*00	IGHD6-19	IGHJ4*00
["CAGGTGCAACTGGTGCAGTCTGGGGCAGAGGTGAAGAAGCCTGGGGCCTCAATAAAGGTCTCCTGCAAGGCTTCTGGATACAGCTTCACCGGCTACTATATGCACTGGGTGCGACAGGCCCCTGGACAAGGGCTTGAGTGGATGGGATGGATCAACCCTAGCAGTGGTGGCACAAACTATGCACAGAAGTTCCAGGGCAGGGTCACCATGACCAGGGACACGTCCATCAGCACAGCCTACATGGAGCTGAGCAGACTGACATCTGACGACACGGCCGTATATTACTGTGCGAGAAGTTTAGGTGATGGTGATTGCTATGGATGTGCTTTTGATTTCTGGGGCCAAGGGACAATGGTCACCGTCTCTTCAG","IGHV1-2","IGHJ3","IGHG1"]	IGHV1-2*00	IGHV1-2	IGHD2-21*00	IGHD2-21	IGHJ3*00
["CAGGTGCAATTGGAGGAGTCTGGGGGAGACGTGGTCCAGCCTGGGGGGTCCCTGAGACTCTCCTGTGCAGCCTCTGGATTCAACTTCAGGACCTATGACATGCACTGGGTCCGCCAGGCTCCAGGCGAGGGGCTAAAATGGGTGACATGTATTTCTTTTGACGGGTCCACTAAGTTGTATGTAGACTCCGTGGAGGGCCGATTCACCATCTCCAGAGACAATTCCAGGAACACTGTTTATCTGCAAATGGACAACCTGAGACCTGAAGACACGGCTGTTTATTACTGTGCGAGAGAACGTCACAGTAACTTCGGCCTGTGGGGCTTTGACAACTGGGGCCAGGGCACCCTGATCACCGTCTCCTCAG","IGHV3-30","IGHJ4","IGHG1"]	IGHV3-30*00	IGHV3-30	IGHD4-11*00	IGHD4-11	IGHJ4*00
["CAGGTGCACCTGGGGGAGTCTGGGGGAGGCGTGGTCCAGCCTGGGAGGTCCCTGAGACTCTCCTGTGCAGCGTCTGGATTCACCTTCAGTAACTATGGCATGCACTGGGTCCGCCAGGCTCCAGGCAAGGGGCTGGAGTGGGTGGCAGTTATCTGGAATGATGGAAGGATTAAATACTATACAGACTCCGTGGAGGGCCGATTCACCATCTCCAGAGACAATTCCAAGAACACGCTGTATTTGCAAATGAACAGCCTGAGAGCCGAGGACACGGCTGTATATTACTGTGCGAGAGATTTCAACTACAACGACCAGTTCTTCCAGCACTGGGGCCAGGGCACCCTGGTCATCGTCTCCTCAG","IGHV3-33","IGHJ1","IGHG1"]	IGHV3-33*00	IGHV3-33	IGHD2-15*00	IGHD2-15	IGHJ1*00
["CAGGTGCAGCCACAGCAGTGGGGCGCAGGACTGTTGAAGCCTTCGGAGACCCTGTCCCTCACCTGCACTGTCTATGGTGTGTCCTTCAGTGGTTACTACTGGAACTGGATCCGCCAGCCCCCAGGGAAGGGGCTGGAGTGGATTGGAGAAATCAATCCTAGTGGAAGCGCCAACTACAATTCGTCCCTCAAGAGTCGAGTCACCATATCATTTGACACGTCCAAGAACCAGTTCTCCCTCATGCTGAGCTCTGTGACCGCCGCGGACACGGCTGTGTATTATTGTGCGACAGGGAACTACCGGTCCTTTGACTACTGGGGCCAGGGAACCCTGGTCACCGTCTCCTCAG","IGHV4-34","IGHJ4","IGHG1"]	IGHV4-34*00	IGHV4-34	IGHD1-7*00	IGHD1-7	IGHJ4*00
["CAGGTGCAGCTACAACAGTGGGGCGCAGGACTGTTGAAGCCTTCGGAGACCCTGTCCCTCAACTGCGCTGTCTATGGTGGGTCCTTCAGTGGTTACTTCTGGAACTGGATTCGCCAGCCCCCAGGGAAGGGGCTGGAGTGGATTGCTGAAATCGATCATCGTGGAAGCACCAACTACAACCCGTCCCTCAGGAGTCGAGTCACCATATCAGTTGACACATCCAAGAACCAATTCTCCCTGAGGCTGAGTTCTGTGACCGCCGCGGACACGGCTGTGTATTACTGTGCGAGAGGCCAAAGTGGCGATTTCTGGAATGGTTATCACTCCGCTGAATATTTTGAGTTCTGGGGCCGGGGCACCGTGGTCACCGTCTCGTCAG","IGHV4-34","IGHJ1","IGHG4"]	IGHV4-34*00	IGHV4-34	IGHD3-3*00	IGHD3-3	IGHJ1*00
["CAGGTGCAGCTACAACAGTGGGGCGCAGGACTGTTGAAGCCTTCGGAGACCCTGTCCCTCACCTGCGCTGTCTATGGTGGGTCCTTCAGTGACCACTACTGGAGCTGGATCCGCCAGCCCCCAGGGAAGGGGCTGGAGTGGATTGGGGAAATCAATCATAGTGGAAGCACCTACTACAACCCGTCCCTCAAGAGTCGAGTCACCACATCACTAGACACGTCCAAGAGCCAATTCTCCCTGAGACTGACTTCTGTGACCGCCGCGGACACGGCTGTGTATTACTGTGCGAGAACCCTCGATATTGCAGCACTTCCAGCTGCTGTTCGGCGGGATGGCTACTTTGACTCCTGGGGCCAGGGAACCCTGGTCACCGTCTCCTCAG","IGHV4-34","IGHJ4","IGHG1"]	IGHV4-34*00	IGHV4-34	IGHD2-2*00	IGHD2-2	IGHJ4*00
["CAGGTGCAGCTACAGCAGTGGGGCGCAGGACTGTTGAAGCCTTCGGAGACCCTGGCCCTCACCTGCGGTGTTTATGGTGGGTCCTTCAGTGGTTACTACTGGAACTGGATCCGCCAGTCCCCAGGGAAGGGACTGGAGTGGATTGGACAGATCTATCATAGTGGAAGCACCAACTACAACCCGTCCCTCAAGAGTCGAGTCACCATATCAGTAGACCCGTCCAAGAACCAGTTCTCCCTGAAAATGAGTTCTGTGACCGCCGCGGACACGGCTCTATATTACTGTGCGAGACGCAGAAGGTCCGATTACTACATCCCGGCGCCTTTTGATATCTGGGGCCAAGGGACAATGGTCACCGTCTCCTCAG","IGHV4-34","IGHJ3","IGHG1"]	IGHV4-34*00	IGHV4-34	IGHD3-22*00	IGHD3-22	IGHJ3*00
["CAGGTGCAGCTACAGCAGTGGGGCGCAGGACTGTTGAAGCCTTCGGAGACCCTGTCCCTCACCTGCGCTGTCTATAGTGAGTCCTTCAGTGGTTACTACTGGAGTTGGATCCGCCAGCCCCCAGGGAAGGGGCTGGAGTGGATTGGGGAAATCAATCATTCTGGAAGCACCAACTACAACCCGTCCCTCAAGAGTCGAGTCACCATATCAGTCGACACGTCCAAGAGCCAGTTCTCCCTGAAGCTGAGCTCTGTGACCGCCGCGGACACGGCTGTGTATTACTGTGCGAGAGGCGTTAGGTATTACTATGGTTCGGCGAGTTATCATGTCTTTGACTACTGGGGCCAGGGAACCCTGGTCACCGTCTCCTCAG","IGHV4-34","IGHJ4","IGHG1"]	IGHV4-34*00	IGHV4-34	IGHD3-10*00	IGHD3-10	IGHJ4*00
["CAGGTGCAGCTACAGCAGTGGGGCGCAGGACTGTTGAAGCCTTCGGAGACCCTGTCCCTCACCTGCGCTGTCTATGATGGGTCCTTCAGTGATTACTCCTGGACCTGGATCCGCCAGCCCCCAGGGAAGGGGCTGGAGTGGATTGGGGAAATCAATCATAGTGGAAGCACCAGCTACAACCCGTCCCTCAAGAGTCGAGTCACCATATCAGTGGACACGTCCAAGAACCAGTTCTCCCTGAAGCTGAGCTCTCTAACCGCCGCGGACACGGCTGTATATTACTGTGCGAGAGGCCTTAACGCCTGGTATAGCAGCACGCCCTTGGGGTACTGGAGCCAGGGAACCCTGGTCACCGTCTCCTCAG","IGHV4-34","IGHJ4","IGHG1"]	IGHV4-34*00	IGHV4-34	IGHD6-13*00	IGHD6-13	IGHJ4*00
["CAGGTGCAGCTACAGCAGTGGGGCGCAGGACTGTTGAAGCCTTCGGAGACCCTGTCCCTCACCTGCGCTGTCTATGATGGGTCCTTCAGTGATTACTCCTGGACCTGGATCCGCCAGCCCCCAGGGAAGGGGCTGGAGTGGATTGGGGAAATCAGTCATAGTGGAAGCACCAGCTACAACCCGTCCCTCAAGAGTCGAGTCACCATCTCAGTGGACACGTCCAAGAACCAGTTCTCCCTGAAGCTGAGCTCTCTAACCGCCGCGGACACGGCTGTATATTACTGTGCGAGAGGCCTTACCGCCTGGTATAGCAGCACGCCCTTGGGGTACTGGAGCCAGGGAACCCTGGTCACCGTCTCCTCAG","IGHV4-34","IGHJ4","IGHG1"]	IGHV4-34*00	IGHV4-34	IGHD6-13*00	IGHD6-13	IGHJ4*00
["CAGGTGCAGCTACAGCAGTGGGGCGCAGGACTGTTGAAGCCTTCGGAGACCCTGTCCCTCACCTGCGCTGTGTCTGGTGGGTCCTTCATTGGTTACTACTGGACCTGGATCCGCCAGCCCCCAGGGAAGGGGCTGGAGTGGATTGGGGAAATCAATCATAGTGGAAACACCAACTACAACCCGTCCCTCAAGAGTCGAGTCATCATATCAGTAGACACGTCCAAGAAGCAGTTCTTCCTGAAGGTGAGCTCTGTGACCGCCGCTGACACGGCTGTGTATTACTGTGCGAGACCCAGGAGATATAGTGGGAGCTCCTCCCCCTACGGTTTGGACGTCTGGGGCCAAGGGACCACGGTCACCGTCTCCTCAG","IGHV4-34","IGHJ6","IGHG3"]	IGHV4-34*00	IGHV4-34	IGHD1-26*00	IGHD1-26	IGHJ6*00
["CAGGTGCAGCTACAGGAGTCGGGCCCGGGACTGGTGAAGCCTTCACAGACCCTGTCCCTCACCTGTAGTGTCTCTGGTGGCTCCATCAGCAGTGGTAGAAACTACTGGAGTTGGATCCGGCAGCCCGCCGGGAAGGGACTGGAGTGGATTGGGCGGATCTACACTAATGGGCGCACTCGCTACAACCCCTCCCTCGAGGGTCGAGTCGCCATATCACTGGACGCGTCCAGCAACCAGGTCTCCCTGGAGATGAGGTCTGTGACCGCCGCAGACACGGCCGTCTATTTCTGTGCGAGAGACCAACTTAAAGGAAAGAAGTGGGAATTACTTCTGTCCGGTATGGACGTCTGGGGCCGAGGGACCACAGTCACCGTCTCCTCAG","IGHV4-61","IGHJ6","IGHG1"]	IGHV4-61*00	IGHV4-61	IGHD3-22*00	IGHD3-22	IGHJ6*00
["CAGGTGCAGCTCGTGCAATCTGGGTCTGAGTTGAAGAAGCCTGGGGCCTCAGTGAAGGTTTCCTGCAAGACTTCTGGATACACCTTCACTAACGATGCTATAGATTGGGTGCGACAGGCCCCCGGACAAGGGCTTGAGTGGATGGGATGGATCAACCCCATCACTGGGAAGCCAACCTATGCCCAGGGCTTCACAGGACGGTTTGTCTTCTCCTTGGACACTTCTGTCAGGACGGCATATCTGCAGATCAACAGCCTAAAGGCTGAGGACACTGCCGTCTATTACTGTGCGAGAGAAGTCGGTCCTAAGGTTCGGGGAGTTATTATAACGCCAAACTGGTACGACGCCTGGGGCCAGGGAACCCTGGTCACCGTCTCCTCAG","IGHV7-4-1","IGHJ5","IGHG1"]	IGHV7-4-1*00	IGHV7-4-1	IGHD3-10*00	IGHD3-10	IGHJ5*00
["CAGGTGCAGCTGCAGGAATCGGGCCCAGGACTGGTGAAGCCTTCGGAGACCCTGTCCCTCACCTGCACTGTCTCTGGTGCCTCCATCAGTAGTTACTACTGGAGCTGGATCCGGCAGCCCCCAAGGAAGGGACTGGAGTGGATTGGGTATATCTATTACAGTGGGAGCACCAAGTACAACCCCTCCCTCAAGAGTCGAGTCACCATATCAGTAGACACGTCCAAGAACCAGTTGTCCCTGAAGCTGAGGTCTGTGACCGCTGCGGACACGGCCGTGTATTACTGTGCGAGAGTTACTACGGTGGTAACTCCCGGTGCTTTTGATATCTGGGGCCGAGGGACAATGCTCACCGTCTCTTCAG","IGHV4-59","IGHJ3","IGHG1"]	IGHV4-59*00	IGHV4-59	IGHD4-23*00	IGHD4-23	IGHJ3*00
["CAGGTGCAGCTGCAGGAGTCGGGCCCAAGACTGGTGAAGCCTTCACAGACCCTGTCCCTCACCTGCGCTGTCTCTGGTGACTCCATGAACAGCGGTAATTATTACTGGAGTTGGATCCGGCAGCCCGCCGGGAAGGGACTGGAGTGGATTGGGCGTGTCTATTCCAGGGGGACCACCAACTACAATTCCTCCCTCAAGAGTCGAGTCACCATCTCACTGGGCACGCCCTATAATCAGTTCTACCTGGACCTGACTTCTGTGACCGCCGCAGACACGGCCGTGTATTTCTGTGCGAGGGGGAGAGAATACCATGGATCGGGGAGTCTCATCTACTTTGACCACTGGGGCCCGGGAGCCCTGGTCACCGTCTCCTCAG","IGHV4-61","IGHJ4","IGHG1"]	IGHV4-61*00	IGHV4-61	IGHD3-10*00	IGHD3-10	IGHJ4*00
["CAGGTGCAGCTGCAGGAGTCGGGCCCAGGACTGGTGAAGCCTTCACAGACCCTGTCCCTCACCTGCACTGTCTCTGGTGGCTCCATCAAGACTGGTAGTTACTACTGGAGTTGGATCCGCCAGCACCCAGGGAAGGGCCTGGAGTGGATTGGGTACATCTACTATACTGGAAAGACCTACTACACCCCGTCCCTCAGGAGTCGAATTACCATATCAGCAGACACGTCTAAGAACCAATTCTCCCTGAAGTTGAGCTCTGTGACTGCCGCGGACACGGCCGTGTATTACTGTGCGAGATTGGATGACTACACCAACCTTGACTACTGGGGCCAGGGAACCCTGGTCACCATCTCCTCAG","IGHV4-31","IGHJ4","IGHG1"]	IGHV4-31*00	IGHV4-31	IGHD4-11*00	IGHD4-11	IGHJ4*00
["CAGGTGCAGCTGCAGGAGTCGGGCCCAGGACTGGTGAAGCCTTCACAGACCCTGTCCCTCATCTGCTCTGTCTCTGGTGACTCCCTCAGCAGTGGTGATTACTATTGGAGCTGGATCCGGCAGCCCGCCGGGAAGGGACTGGAATGGATGGGGCGTATCTACACCGGTGGGAACACCAACTACAACCCCTCCCTGGAGAGTCGCGTCACCATTTCAATAGACACGTCCAAGAAGCAGTTCTCTCTGAGGCTGACTTCTGCGACTGCCGCAGACACGGCCCTATATTACTGTGCGAGAGGTCGCGATTACTATTTCACTGATGGTTCTTACTCCAAGGACCACTTTGACTCCTGGGGCCAGGGAATTCTGGTCGCCGTCTCCTCAG","IGHV4-61","IGHJ4","IGHG1"]	IGHV4-61*00	IGHV4-61	IGHD3-22*00	IGHD3-22	IGHJ4*00
["CAGGTGCAGCTGCAGGAGTCGGGCCCAGGACTGGTGAAGCCTTCACAGAGCCTGTCCCTCACCTGCAGTGTCTCTGGTGGCTCCATCAGCAGCGGTGGTTACTTCTGGAGCTGGATCCGCCAGCACTCAGGGAAGGGCCTGGAGTGGATTGGGGATGTCTTTTACAGTGGGATCACATCCTACAATCCGTCCCTCAAGAGTCGAACTATCATTTCAGTAGACACCTCTAAGAACCAATTTTTCCTGAGACTGAACTCTGTAACTGCCGCGGACACGGCCGTTTATTACTGCGCGAGAGTTCGTCCAGAAATCACCCAAGGAGTGTTTGACAATTGGGGCCAGGGAACCCTGGTCTCCGTCTCCTCAG","IGHV4-31","IGHJ4","IGHG1"]	IGHV4-31*00	IGHV4-31	IGHD2-21*00	IGHD2-21	IGHJ4*00
["CAGGTGCAGCTGCAGGAGTCGGGCCCAGGACTGGTGAAGCCTTCGGAGACCCTGTCCCTCACTTGTTCTGTCTCTGGTGGCTCCATCAGTGGTTACTACTACAGCTGGATACGACAGCCCCCAGGGAAGGGACTGGAGTGGCTTGGGTATATCTTTTACGGTGGGGCCTCCACCTACAATCCCTCCCTCAAGAGTCGACTCACCATATCATTAGGCACGTCCAAGAACGAGTTGTCCCTGAACGTGAGCTCTGTGACCGCCGCAGACACGGCCGTCTATTACTGTGCGCGACATCACCAGGATTTTATAGCAGAAAACTGGTTCGACCCCTGGGGCCAGGGTACCCTGGTCACCGTCTCCTCAG","IGHV4-59","IGHJ5","IGHG1"]	IGHV4-59*00	IGHV4-59	IGHD6-13*00	IGHD6-13	IGHJ5*00
["CAGGTGCAGCTGCAGGAGTCGGGCCCAGGACTGGTGAAGCCTTCGGAGACCCTGTCTCTCACCTGCACTGTCTCTGGTGACTCCATCGGTAATTACTACTGGAACTGGATCCGGCAGCCCCCAGGGAAGGGACTGGAGTGGATTGGGTATATCTATTACAGTGGAAGCACCGACCAGAACCCCTCCCTCGAGAGTCGAGTCACCATTTCAGTAGACACGTCCAAGAGCCAGTTCTCCCTGAAGCTGCGCTCTGTGACCGCTGCGGACACGGCCTTTTATTTCTGTGCGAGAGCAGCAAGCAGACATTTCGATTTTTGGAATGGTTATAACTTTGACTACTGGGGCCAGGGAATCCTGGTCACCGTCTCCTCAG","IGHV4-59","IGHJ4","IGHG1"]	IGHV4-59*00	IGHV4-59	IGHD3-3*00	IGHD3-3	IGHJ4*00
["CAGGTGCAGCTGCAGGAGTCGGGCCCAGGACTGGTGAGGCCTTCGGAGACCCTGTCCCTCACCTGCACTGTCTCTGGCGCCTCCATCAACAATGGTGATTACTACTGGGGCTGGATCCGCCAGGCCCCAGGGAAGGGGCTGGAGTGGATCGGGACTATCTATTATATTGGGACCACCTACTACAATCCGTCCCTCAAGAGTCGAGTCACCATGTCCGTAGACACGTCCAAGAACCAGTTCTCCCTGAAACTGAGGTCTGTGACCGTCGCAGACACGGCTGTATATTATTGTGTGAGGAATACCACCAGAAGTTGTTGGTTCGACCACTGGGGCCAGGGAACCCTGGTCACCGTCTCCGCAG","IGHV4-39","IGHJ5","IGHG1"]	IGHV4-39*00	IGHV4-39	IGHD2-15*00	IGHD2-15	IGHJ5*00
["CAGGTGCAGCTGGCGCAATCTGGGTCTGAGTTGAAGAAGCCTGGGGCCTCAGTGAAGGTTTCCTGCAAGGCTTCTGGATACACCTTCACTAGTTATGGTATGAATTGGGTGCGACAGGCCCCTGGACAAGGGCTTGAGTGGATGGGATGGATCAACACCAAGACTGGGAACCCAATGTATGCCCAGGACTTCACAGGACGATTCGTCATCTCCCTGGACACCTCTGTCAGCACGGCATATCTACAGATCAGCAGCCTAAGGGCTGAGGACACTGCCGTGTATTACTGTGCGAGAGATGTAGGTTGCACCAGTGGCAGCTGCTATGCCGATTACGGAGTCGACTATTACTACGGAATGGACGTCTGGGGCCAAGGGACCACGGTCACCGTCTCCGCAG","IGHV7-4-1","IGHJ6","IGHG3"]	IGHV7-4-1*00	IGHV7-4-1	IGHD2-2*00	IGHD2-2	IGHJ6*00
["CAGGTGCAGCTGGCTCAGTCTGCGGCTGAGGTGAAGAAGCCTGGGGCCTCAGTGAAGGTCTCCTGCAAGGCTTCTGGATTCGCCTTCAGCAAATATGTTATCCACTGGGTGCGACAGGCCACTGGACAAGGGCTTGAGTGGATGGGATGGGTGAACCCAAACAATGGTGACACAGCCTATGCTCGGAGGTTCCAGGACAGAGTCAACATGACCAGGAATAGTTCCATTAGAACGGCCTACATGGAGCTGAGAAGCCTGAAATCTGAGGACACGGCCGTGTATTTCTGTGCCTCCTATAGCAGTAGTTGGCATGAGGCTTTTGATATGTGGGGTCAAGGGACAATGGTCACCGTCTCTTCAG","IGHV1-8","IGHJ3","IGHG1"]	IGHV1-8*00	IGHV1-8	IGHD6-13*00	IGHD6-13	IGHJ3*00
["CAGGTGCAGCTGGTGCAATCTGGGTCTGAGTTGAAGAAGCCTGGGGCCTCAGTGAAGGTTTCCTGCAAGGCTTCTGGAGACACCTTCACCAGGTCTCCTATAAATTGGGTGCGACAGGCCCCTGGACAAGGGCTTGAGTGGCTGGGATGGATCAACACCAACACTGGCAAACCGACGTATGCCCAGGGCTTCACAGGACGGTTTGTCCTCTCGTTGGACACCTCTGTCAGCACGGCATATCTGCAGATCAGTAGCCTACAGGCTGAGGACACTGCCATATATTACTGTGCGAGATGGGCGGGGGCATTCCAATGGTTAAAACCTCTTGACTACTGGGGCCATGGAACCCAGGTCATCGTCTCCTCAG","IGHV7-4-1","IGHJ4","IGHG1"]	IGHV7-4-1*00	IGHV7-4-1	IGHD5-5*00	IGHD5-5	IGHJ4*00
["CAGGTGCAGCTGGTGCAATCTGGGTCTGAGTTGAAGAAGCCTGGGGCCTCAGTGAAGGTTTCCTGCAAGGCTTCTGGATACTCACTCACAAGATATCCGATGAATTGGGTGCGACAGGCCCCTGGACAAGGGCTTGAGTGGATGGGGTGGATCGACACCAACACTGGGAACCCATCCTATGCCCAGGGCTTCACAGGACGGTTTGTCTTCTCCTTGGACACCTCTGTCAGTACGGCGTTTCTGCAGATTAGCAGCCTCAAGGCTGAGGACACTGCCGTATATTACTGTGCGAGAGACGGACTGGACAAAGCTCTTGACATCTGGGGCCAAGGGACAGTGGTCACCGTGTCTTCAG","IGHV7-4-1","IGHJ3","IGHG1"]	IGHV7-4-1*00	IGHV7-4-1	IGHD1-1*00	IGHD1-1	IGHJ3*00
["CAGGTGCAGCTGGTGCAATCTGGGTCTGAGTTGAAGAAGCCTGGGGCCTCAGTGAAGGTTTCCTGCAAGTCTTCTGGATACACCTTCACAAACTATGCTATGAATTGGGTGCGACAGGCCCCTGGACAAGGGCTTGAGTGGATGGGATGGATCAACACCAATACTGGCAACCCAACATATGCCCAGGGCTTCACAGGACGATTTGTCTTCTCCTTGGACACCTCTGTCAGCACGGCCTATCTGCAGATCAACAGCCTGATGGCTGATGACACTGCCGTCTATTACTGTGCGAGAGACGATAATTCTGGTTTGGGCACCCTTGCCGACTGGGGCCAGGGAACCCTGGTCACCGTCTCCTCAG","IGHV7-4-1","IGHJ4","IGHG4"]	IGHV7-4-1*00	IGHV7-4-1	IGHD3-16*00	IGHD3-16	IGHJ4*00
["CAGGTGCAGCTGGTGCAGTCTGGAGCTGAGGTGAATAAGCCTGGGGCCTCAGTGAAGGTCTCCTGCAAGGCTTCTGGTTACACCTTTACGAGTTATGGTCTCAGCTGGGTGCGACAGGCCCCTGGACAAGGGCTTGAGTGGATGGGATGGATCAGCGGTCACAATGGAGCCACAAACTATGCACGGAAACTCCAGGGCAGAGTCACCATGACCACAGACACATCCACGAGCACAGCCTATATGGAACTGAGGAGCCTGAGATCTGACGACACGGCCTTATATTACTGTGCGAGAGATTTAGGTTACTATGATAGTGGTGGTTATTTCGATACTTTTGATATCTGGGGCCAAGGGACAATGGTCACCGTCTCTTCAG","IGHV1-18","IGHJ3","IGHGP"]	IGHV1-18*00	IGHV1-18	IGHD3-22*00	IGHD3-22	IGHJ3*00
["CAGGTGCAGCTGGTGCAGTCTGGGACTGAGGTGAAGAAGCCTGGGGCCTCAGTGAAGGTCTCCTGCGAGACTTCTGGATACACCTTCACCGGCTACTATATACAGTGGGTGCGACAGGCCCCTGGACAAGGGCTTGATTGGATGGGATGGATCAATCCTGGCAGTGGTGGCGCATACTATGCACAGAAGTTCCAGGGGAGGGTAACCATGACCAGGGACACGTCCATCAGCACAGCCTACATGGAGATAAGCGGACTGAGATCAGACGACACAGGCGTGTATTACTGTGCGACAGTAGGTCGAGCGGGACTGGCTGAGTCCTGGGGCCAGGGAACCCTGGTCACCGTCTCCTCAG","IGHV1-2","IGHJ5","IGHG1"]	IGHV1-2*00	IGHV1-2	IGHD3-9*00	IGHD3-9	IGHJ5*00
["CAGGTGCAGCTGGTGCAGTCTGGGCCTGAGGTGAAGAGGCCTGGGTCCTCGATGAGAATCTCCTGTAAGGCTTCTGAAACTTCTCGAGACATCTTGAAGAATAATGCTGTCAATTGGGTGCGACAGGCCCCTGGGCAAGGGCTTGAGTGGTTGGGAAGAATCATCCCTATCTTTGGTGTCACAAACTATGCACAGACGTTTCAGGGCAGAGTCACGATTACCGCGGACAAATCCACCGGCACAATATATTTGGGACTGAGCAGCCTCACATCTGAGGACACGGCCGTCTATTTTTGTGCGAGGGAGGAATACGAATTTTGGAGTGGTCACACGCGGCATCGTGAGCCTTTTGATGTCTGGGGCCCAGGGACAATGGTCACCGTCTCTTCAG","IGHV1-69","IGHJ3","IGHG1"]	IGHV1-69*00	IGHV1-69	IGHD3-3*00	IGHD3-3	IGHJ3*00
["CAGGTGCAGCTGGTGCAGTCTGGGGCTGAGGTGAAGAAGCCTGGGGCCTCAGTGAAGGTCTCCTGCAAGACTTCTGGATACACCTTCACCGGCTACTATATACAGTGGGTGCGACAGGCCCCTGGACAAGGGCTTGAGTGGATGGGATGGATCAATCCTAACAGTGGTGGCACATACTATGCACAGAAGTTTCAGGGCAGGGTCACCATGACCAGGGACACGTCCATCAGCACAGCCTACATGGAGATCAGCAGCCTGTCATCTGACGACACAGCCGTGTTTTACTGTGCGACAGTAGGTCGAGCGGGACTGGCTGAGTCCTGGGGCCAGGGAACCCTGGTCACCGTCTCCTCAG","IGHV1-2","IGHJ5","IGHG1"]	IGHV1-2*00	IGHV1-2	IGHD3-9*00	IGHD3-9	IGHJ5*00
["CAGGTGCAGCTGGTGCAGTCTGGGGCTGAGGTGAAGAAGCCTGGGGCCTCAGTGAAGGTCTCCTGCAAGGCTTCTGGATACACCTTCACCAGTTATGATATCAACTGGGTGCGACAGGCCACTGGACAAGGGCTTGAGTGGATGGGATGGATGAACCCTAATAGTGGCAACACAGGCTATGCACAGAAGTTCCAGGGCAGAGTCACCATGACCAAGAACACCTTCATAAACACAGCCTACGTGGAGCTGAGCGGCCTGAGATCTGACGACACGGCCGTTTATTACTGTGCGAGAGGGAGCCTCCTTAGGAGGGTCGATGACTACTACGGTCTGGACGTCTGGGGCCAAGGGACCACGGTCACCGTCTCCTCAG","IGHV1-8","IGHJ6","IGHG1"]	IGHV1-8*00	IGHV1-8	IGHD2-15*00	IGHD2-15	IGHJ6*00
["CAGGTGCAGCTGGTGCAGTCTGGGGCTGAGGTGAAGAAGCCTGGGGCCTCAGTGAAGGTCTCCTGCAAGGCTTCTGGATACACCTTCACCGGTTATGATATCAACTGGGTGCGACAGGCCACTGGACAAGGGCTTGAGTGGATGGGATGGATGAACCCGAACAGTGGTAACACAGGCTATGCACAGAAGTTCCAGGGCAGAGTCACCATGACCACGGACACCTCCATAAGCACAGCCTACATGGAGCTGAGCGGCCTGAGATCTGAGGACACGGCCGTCTATTACTGTGCTATGGTCGCTCGCCGTAAGCCGAACTGGGGCCAGGGAACCCTGGTCACCGTCTCCTCAG","IGHV1-8","IGHJ4","IGHG1"]	IGHV1-8*00	IGHV1-8	IGHD3-10*00	IGHD3-10	IGHJ4*00
["CAGGTGCAGCTGGTGCAGTCTGGGGCTGAGGTGAAGAAGCCTGGGGCCTCAGTGAAGGTCTCCTGCAAGGCTTCTGGATACACCTTCATCGGCTACTATATGCACTGGGTGCGACAGGCCCCTGGACAAGGGCTTGAGTGGATGGGATGGATCACCCCTAACAGTGGTGGCACAGACTATGCACAGAAATTTCAGGGCAGGGTCACCATGACCAGGGACACGTCCATCAGCACAGCCTACATGGAGCTGAGTAGGCTGACATCAGACGACACGGCCGTCTATTACTGTGCGAGAGTCGGTCGACTGGGACTGGCTGACTACTGGGGCCAGGGAACCCTGGTCACCGTCTCCTCAG","IGHV1-2","IGHJ4","IGHG1"]	IGHV1-2*00	IGHV1-2	IGHD1-7*00	IGHD1-7	IGHJ4*00
["CAGGTGCAGCTGGTGCAGTCTGGGGCTGAGGTGAAGAAGCCTGGGGCCTCAGTGAAGGTCTCCTGCAAGGCTTCTGGATACATCTTCACCGGCTACTATATACACTGGGTGCGACAGGCCCCTGGACAAGGGCTTGAGTGGATGGGATGGATCAACCCTAACAGTGGTGTCACAAACTATGCACAGAAGTTTCAGGGCAGGGTCACCATGACCAGGGACACGTCCATCAGCACAGCCTACATGCAGCTGAGCAGGCTGGGATCTGACGACACGGCCGTTTATTACTGTGCGAGGGTAACGTATTACTCTGATGGTGGTGGTTACTTGACCCTAAAACCCTACTCCTACATGGACGTCTGGGGCAAGGGGACCACGGTCACCGTCTCCTCAG","IGHV1-2","IGHJ6","IGHG1"]	IGHV1-2*00	IGHV1-2	IGHD3-22*00	IGHD3-22	IGHJ6*00
["CAGGTGCAGCTGGTGCAGTCTGGGGCTGAGGTGAAGAAGCCTGGGGCCTCAGTGAAGGTCTCCTGCGAGACTTCTGGATACACCTTCACCGGCTACTATATACAGTGGGTGCGACAGGCCCCTGGACAAGGGCTTGATTGGATGGGATGGATCAATCCTGGCAGTGGTGGCACATACTATGCACAGAACTTCCAGGGGAGGGTAACCATGACCAGGGACACGTCCATCAGCACAGCCTACATGGAGATAAGCGGGCTGAGATCAGACGACACAGGCGTATATTATTGTGCGACAGTAGGTCGAGCGGGACTGGCTGAGTCCTGGGGCCAGGGAACCCTGGTCACCGTCTCCTCAG","IGHV1-2","IGHJ5","IGHG1"]	IGHV1-2*00	IGHV1-2	IGHD3-9*00	IGHD3-9	IGHJ5*00
["CAGGTGCAGCTGGTGCAGTCTGGGGCTGAGGTGAAGAAGCCTGGGGCCTCAGTGAAGGTTTCCTGCAAGACTTCAGGATACACCTTCACCGCCTACTATCTGCACTGGGTGCGACAGGCCCCTGGACAAGGGCTTGAGTGGATGGGATGGATCAACCCTAACAGTGGTGGCACAAACTATGCACAGAAGTTTCAGGGCAGCGTCACCATGACCAGGGACACGTCCATCAACACAGCCTACATGGAGCTGAGCAGGCTGACATCTGACGACACGGCCGTGTATTACTGTGCGAGAGATTGGGACAGATGGCTACGGAACTTAGACTACTGGGGCCAGGGAACCCTGGTCACCGTCTCCTCAG","IGHV1-2","IGHJ4","IGHG1"]	IGHV1-2*00	IGHV1-2	IGHD5-24*00	IGHD5-24	IGHJ4*00
["CAGGTGCAGCTGGTGCAGTCTGGGGCTGAGGTGAAGAAGCCTGGGTCCTCAGTGAAGGTCTCCTGCAAGGCTTCTGGAGGCACCTTCAGCAATTATGGTATCGCCTGGGTACGACAGGCCCCTGGACAAGGGCTTGAGTGGATTGGGGGGATCGTCCCTATGTTTCGAGCACCAAACTACGCCCAGAAGTTCAAGGGCAGAGTCACCATTAGCGCGGACCAATCTACGACCACAGCCTACATGGACGTCATCGGCCTGAAATCTGAGGACACGGCCGTGTATTACTGTGCGAGAGCCCCGAATGTTGGCGGTTCGACCCTTGGAGTGACTATAACTGGTGCGCTGGATATATGGGGCCAAGGGACAATGGTCACCGTCTCTTCAG","IGHV1-69","IGHJ3","IGHG1"]	IGHV1-69*00	IGHV1-69	IGHD1-20*00	IGHD1-20	IGHJ3*00
["CAGGTGCAGCTGGTGCAGTCTGGGGCTGAGGTGAAGAAGCCTGGGTCCTCGGTGAAGGTCTCCTGCAAGGCTTCTGGAGGCACCTTCAGCAACTATGCTATCAGCTGGGTGCGACAGGCCCCTGGACAAGGGCTTGAATGGATGGGAGGGATCATCCCTGTCTTTGGTACAGCAAACTACGCTCAGAAGTTCCAGGGCAGAGTCACAATTACCGCGGACGAATCCACGAGCACAGCCTACATGGAGCTGAGCAGCCTCAGATCTGAGGACACGGCCGTATATTACTGTGCGAAATGGGGGGGCGTATCAGATGGTAGCTTTGACTACTGGGGCCAGGGAACCCTGGTCACCGTCTCCTCAG","IGHV1-69","IGHJ4","IGHG1"]	IGHV1-69*00	IGHV1-69	IGHD2-2*00	IGHD2-2	IGHJ4*00
["CAGGTGCAGCTGGTGCAGTCTGGGGCTGAGGTGAAGGAGCCTGGGGCCTCAGTGAAGGTCTCCTGCAAGTCTTCTGGATACACCTTCACCGCCTACTATGTACACTGGGTGCGACAGGCCCCTGGACAAGGGCTTGAGTGGATGGGATGGATCAACTCTAACACTGGTGACACAGACTATGCACAGAAGTTTCAGGGCACTATCACCATGACCAGGGACACGTCCATCAGCACAGTCTACATGGAGCTGAACAGGCTGAGATCTGACGACACGGCCGTGTATTACTGTGCGAGAGAGACACTGGGAGGTACGAAGTGGTTCGACCTTTGGGGCCAGGGAACCCTGGTCACCGTCTCCTCAG","IGHV1-2","IGHJ5","IGHG1"]	IGHV1-2*00	IGHV1-2	IGHD1-26*00	IGHD1-26	IGHJ5*00
["CAGGTGCAGCTGGTGGAATCTGGGGGAGGCGTGGTCCAGCCTGGGAGGTCCCTGAGACTCACCTGTGCAGCGTCTGGATTCATCTTCAGCAATTTTGGCATACACTGGGTCCGCCAGGCTCCAGGCAAGGGGCTGGAGTGGGTGGCAGATATGTCGGGTGATGGAAGTCACAAACACTTTGCAGACTCCGTCAAGGGCCGATTCACCATCTCCAGAGACAATTCCAAGAACACAGTATATTTGCAAATGGACAGCCTGATGGTCGAGGACACGGCTGTTTATTACTGTGTGAGAGACGGGCCCCCTTACAATTTTGACTACTGGGGCCAGGGAACCCCGGTCACCGTCACTTTAG","IGHV3-33","IGHJ4","IGHG1"]	IGHV3-33*00	IGHV3-33	IGHD3-16*00	IGHD3-16	IGHJ4*00
["CAGGTGCAGCTGGTGGAGTCTGGGGGAGGCGTGGTCCAGCCCGGGGGGTCCCTGAGACTCTCCTGTGCAGCGTCTGGATTCACTTTCAGTAGATATGGCATCCACTGGGTCCGCCAGCCTCCAGGCAAGGGCCTGGAGTGGGTGGCAGATATATGGTATGATGGAAGTAACACCTTCTATGCAGACTCCGTGAAGGGCCGATTCACCATCTCCAGAGACAATTCCAAGAACACGCTGTATCTACAAATGAGCAGCCTGAGAGCCGAGGACACGGCTGTATATTACTGTTCTCGGGGGTTTTACTACGGTGCGGGGGCCTCGCGCAAAGTTAAGTATTATTTTGAGTATTGGGGCCAGGGAACCCTGGTCACCGTCTCCTCAG","IGHV3-33","IGHJ4","IGHG1"]	IGHV3-33*00	IGHV3-33	IGHD3-22*00	IGHD3-22	IGHJ4*00
["CAGGTGCAGTTACAGCAGTGGGGCGCAGGACTCTTGAAGCCTTCGGAGACCCTGTCCCTCACCTGCGCTGTCTATGGTGGGTCCTTCAGTGGCTACTACTGGAGCTGGATCCGCCAGCCCCCAGGGAAGGGGCTGGAGTGGATTGGGGAGATCAATCATAGTGGAAAGACCTACCTGAACCCGTCCCTCAAGAGTCGAGTCACCATATCAGTAGACACGTCCAACAACCAGTTCTCCCTGAAACTGAACTCTGTGACCGCCGCGGACACGGCTGTGTATTACTGTGCGAGAGTGAGAGTTCGGACAACAGACTCCTGGGGCCAGGGAATCCTGGTCAGCGTCTCCTCAG","IGHV4-34","IGHJ5","IGHG1"]	IGHV4-34*00	IGHV4-34	IGHD1-1*00	IGHD1-1	IGHJ5*00
["CAGGTGCAGTTACAGCAGTGGGGCGCAGGACTGTTGAAGCCTTCGGAGACCCTGTCCCTCACCTGCGGTGTCGATGGTGGGTCCTTCAGTGGTTACTACTGGACCTGGATCCGCCAGCCCCCAGGGAAGGCACTGGAGTGGATTGGCGTAGTCAGTCATAGTGGAGGCGCCACCTACAGCCCGTCCCTCAAGAGTCGCGTCACCATATCAGTAGACAGTTCCAAGAAGCAGTTTTCCCTGAGGTTGACGTCTGTGACCGCCGCGGACACGGCTGTATATTATTGTGCGAGATCGATTTTGGAGTGGTATCCCCTGGACTACTGGGGCCAGGGAACCCTGGTCACCGTCTCCTCAT","IGHV4-34","IGHJ4","IGHG4"]	IGHV4-34*00	IGHV4-34	IGHD3-3*00	IGHD3-3	IGHJ4*00
["CAGGTGCAGTTGGTGGAGTCTGGGGGAGGCGTGGTCCAGCCTGGGAGGTCCCGGAGACTCTCCTGTGTAGCCTCTGGATTCACCTTCAGTAGTTATGGCATGCACTGGGTCCGCCAGGCTCCAGGCAAGGGGCTGGAGTGGGTGGCAGTTATATCATATGATGGAAGTAATAAAGACTATGCAGACTCCGTGAAGGGCCGATTCATCATCTCCAGAGACAGTTCCAAGAATACGATGTATCTCCAAATGAACAGCCTGAGATCTGAGGACACGGCTGTGTATTACTGTGCGAAAGTAGCCCAATCGTCCCCAGATTACGATTTTTGGAGTGGCTATTATGACCACTGGGGCCAGGGAACCCTGGTCACCGTCTCCTCAG","IGHV3-30","IGHJ4","IGHG1"]	IGHV3-30*00	IGHV3-30	IGHD3-3*00	IGHD3-3	IGHJ4*00
["CAGGTTCAGCTGCAGGAGTCGGGCCCAGGACTGGTGAAGCCCTCAGAGACCCTGTCCCTCACCTGCACTGTCTCTGGTGGCTCCATAAGCAGTTCCAGTTACTACTGGAGTTGGATCCGGCAGTCCGCCGCGAAGGGACTGGAGTGGATTGGGCGTGTCTATACCACTGGGAGGACCAACTACAACCCTTCCCTCAAGAGGCGAGTCACCATATCATTGGAGACGTCGATGAACCAGTTTTCTCTGAAGCTGAGTTCTGTGACCGCCGCAGACACGGCCGTATATTATTGTGTGAGAGTAGGAGATGAGTATCCACAGAGGGGCCCTGATGTTTTTGACATTTGGGGCCAAGGGACAATGGTCACCGTCTCTTCAG","IGHV4-61","IGHJ3","IGHG1"]	IGHV4-61*00	IGHV4-61	IGHD5-5*00	IGHD5-5	IGHJ3*00
["CAGGTTCAGCTGGTGCACTCTGGACCTGAGGTGAAGAAGCCTGGGGCCTCAGTGAAGGTCTCCTGCAAGGCTTCTGGTTACATCTTTACCAGTTTTGGTATCAGCTGGGTGCGGCAGGCCCCCGGACAAGGGCTTGAGTGGATGGGATGGATCAGCGCTTACAATGGTGACACAAATTATGCACAGAATCTCCAGGACAGACTCACCATGACCACAGACACATCCACGAGCACAGCCTACATGGAGGTGAGGAGCCTGAAATCTGACGACACGGCCGTGTATTACTGTGCGAGAGTGCTGCGGGTAGCTGGAAGAGTACCAGTTGCTATGGACTTTGACTACCGGGGCCAGGGAACCCTGGTCACCGTCTCCTCAG","IGHV1-18","IGHJ4","IGHG1"]	IGHV1-18*00	IGHV1-18	IGHD2-2*00	IGHD2-2	IGHJ4*00
["CAGGTTCAGCTGGTGCAGTCTGGACCTGAAGTGAAGAAGCCTGGGGCCTCAGTGAAGGTCTCCTGCAAGACTTCTGGTTACACCTTTACCACCTTTGGAATCACCTGGGTGCGACAGGCCCCTGGACAAGGGCTTGAGTGGATGGGATGGATCAGAGTTTACAACGGTGATACAAAATATGCACAAAACCTCCAGGGCAGAGTCACCTTGACCACAGACACATCCACGAGCACAGCCTACATGGAGTTGAAGAGCCTGAGATCTGACGACACGGCCGTATATTATTGTGCGAGAGGTATTGTAGTGGCACCTTCTAATATGCATACGTCCGGCTTTGGGGACTTCTGGGGCCAGGGAACCCTGGTCACCGTCTCCTCAG","IGHV1-18","IGHJ4","IGHGP"]	IGHV1-18*00	IGHV1-18	IGHD2-15*00	IGHD2-15	IGHJ4*00
["CAGGTTCAGCTGGTGCAGTCTGGAGTTGAGGTGAAGAAGCCTGGGGCCTCAGTGAAGGTCTCCTGCAGGGCTTCTGGTTACACCTTTACCGACTATGGCATCAGCTGGGTGCGACAGGCCCCTGGACAAGGGCTTGAGTGGATGGGATGGATCAGCGGTTACAATGGTAACACAAAGTATGCACAGAAGGTCCAGGGCAGAGTCACCATGACCACAGACACATCCACGAGCACAGCCTACATGGAGCTGAGGAGCCTGAGATCTGACGACACGGCCGTATATTACTGTGCGAGAGATCTGGACTATATGGTTCGGGGAGTTATTATAACGTACAACTATAACTACGGTATGGAGGTCTGGGGCCAAGGGACCACGGTCACCGTCTCCTCAG","IGHV1-18","IGHJ6","IGHG3"]	IGHV1-18*00	IGHV1-18	IGHD3-10*00	IGHD3-10	IGHJ6*00
["CAGGTTCAGCTGGTTCAGTCTGGAGGTGAGATGAGGAAGGCGGGGGCCTCAGTGACGGTCTCCTGCAGGGCTTCTGGTTACACATCAAAGAACACTCGTGGTTTTACCTGGGTGCGACAGGCCCCTGGACAGGGGCTGGAGTGGATGGGATGGATCAGCGCCTCCAATGGAGACACACAATATGCTGAGAAGTTTCGGGGCCGAGTCACCCTGACCACGGACACATCCACGAGCACAGCCAACATGGAATTGAGGAGCCTGAGATCTGACGACACGGCCGTCTATTACTGTGCGAGAGACGCGGACTACGGTGACTTTGACTCCTGGGGCCAGGGCACCCTTGTCACCGTCTCCTCAG","IGHV1-18","IGHJ4","IGHG1"]	IGHV1-18*00	IGHV1-18	IGHD4-17*00	IGHD4-17	IGHJ4*00
["CAGGTTCAGTTGGTGCAGTCTGGAGATGAGGTGAAGGAGCCTGGGGCCTCAATGAAGGTCTCCTGCAAGACTTCTGGTTACATCTTTATCAATTTTGGCATCAGCTGGGTGCGACAGGCCCCTGGACAAGGGCTTGAGTGGATAGGATGGATCAGCGGTAAAAATACTGACCCGCACTATGCACAGAAGTTCAAGGGCAGAATCACCTTGACCACAGACACATTAACGCGCACAGCCTATATAGAGTTGAGGAGCCTGAGATCTGACGACACGGCCGTGTATTATTGTGCGAGGGATGTAGGTGGATTCTATGGTTCGGCAGACATACTCCAATACTGGGGCCAGGGAACCCTGGTCACCGTCTCCTCCG","IGHV1-18","IGHJ4","IGHGP"]	IGHV1-18*00	IGHV1-18	IGHD3-10*00	IGHD3-10	IGHJ4*00
["CAGGTTCAGTTGGTGCAGTCTGGAGCTGAAGTGAAGAAGCCTGGGGCCTCAGTGAAGGTCTCCTGTCAGACTTCTGGTTACACCTTTATTAACTACGGCATCAACTGGGTGCGACAGGCCCCTGGACAAGGACTTGAGTGGCTGGGATGGATCAGCGGTTACAGTGGTGACTCAAACTTTTCACAGAAGTTCCAGGCCAGAGTCACCATGACCACAGACACGTCCACCAACACAGCCTACATGTATCTGAGGAACCTGACATCTGACGACACGGCCGTATATTACTGCGCGCGAGGGTCAAAACGCCTCGGGGGTCTCAATTATTTCGACCCCTGGGGCCAGGGAACCCTGGTCATCGTCTCCTCAG","IGHV1-18","IGHJ5","IGHG1"]	IGHV1-18*00	IGHV1-18	IGHD3-9*00	IGHD3-9	IGHJ5*00
["CAGGTTCAGTTGGTGCAGTCTGGAGCTGAGGTGAAGAAGCCTGGGGCCTCAGTGAAGGTCTCCTGTCAGGCTTCTGGTTACACCTTTATTAACTACGGTATCAACTGGGTGCGACAGGCCCCTGGACAAGGACTTGAGTGGCTGGGATGGATCAGCGGTTACAGTGGTGACTCAAGCTATTCACAGAAGTTCCAGCCCAGAGTCACCATGACCACAGACACGTCCACCAACACAGCCTACATGTATCTGAGGAGCCTGACATCTGACGACACGGCCGTATATTACTGCGCGCGAGGGTCAAAACGCCTCGGGGGTCTCAATTATTTCGACCCCTGGGGCCAGGGAACCCTGGTCATCGTCTCCTCAG","IGHV1-18","IGHJ5","IGHG1"]	IGHV1-18*00	IGHV1-18	IGHD3-9*00	IGHD3-9	IGHJ5*00
["CAGTTCCAGCTGGTGCAGTCTGGGGCTGAGGTGAAGAGGCCTGCATCCTCAGTGAAGGTCTCCTGCTCGACTTCTGGAGGCAACTTCAACAGCTATGTTTTCAGCTGGGTGCGACAGGCCCCTGGACAAGGACTTGAGTGGGTGGGACAGATCATCCCTATCTTTGGCAGAAAGACGTACGCACAGAAGTTCCAGGGCAGACTCACCATTAGCGCGGACAAGTCAACGGGCACAACCTACATGGAACTGAACAGTCTGACCTCTGAGGACACAGCCCTTTATTTCTGTGCGAGGGAGACATACCAATTTTGGACTGGCCATACGAGGGACGGACGGGGTTTTGATCTCTGGGGCCAAGGGACAATGGTCACCGTCTCTTCAG","IGHV1-69","IGHJ3","IGHG1"]	IGHV1-69*00	IGHV1-69	IGHD3-3*00	IGHD3-3	IGHJ3*00
["CAGTTCCAGCTGGTGCAGTCTGGGGCTGAGGTGCAGAAGCCTGGACACTCACTGAAGGTCTCCTGCAAGACCTCTGGAGGCACCTTCACCAATTATGCTTACAGCTGGGTGCGACAGGCCCCTGGACAAGGGCTTGAGTGGGTGGGAGGCATCATTGCTATCTTCAACAGAAGAAGTTACGCACAGAGATTCCAGGGCAGAGTCACGATTAGCGCGGACAAATCTTCGAACACAACGTACATGGAGCTGAGCAGTCTGACATCTGAGGACACGGCCATATATTACTGTGTGAGAGAGACATATCAATTTTGGAGCGGTCATTCGCGCGACGGACGGGCTTTTGATATCTGGGGCCAAGGGACAATGGTCACCGTCTCTTCAG","IGHV1-69","IGHJ3","IGHG1"]	IGHV1-69*00	IGHV1-69	IGHD3-3*00	IGHD3-3	IGHJ3*00
["CGGGTGCAACTTCAGGAGTCGGGCCCAGGACTGGTGAAGCCTTCACAGACCCTGTCCCTCACCTGCACTGTCTCTGATGGCTCCGTCAGAAGTAGTAATTATTATTGGAGCTGGATCCGCCAGCACCCAGGGGAGGGCCTAGAGTGGATTGGATACATCTATAACAGTGGGAACACCTACTACAACCCGTCCCTCAAGAGTCGAGCTACCATTTCAGTTGACACGTCTAAGAACCTGTTCTCCCTGAAGCTGGACTCTGTGACTGTCGCGGACACGGCCGTGTATTACTGCGCGAGCGATCATGGACGATCCCAAGCCCATGACTGGGGCCAGGGAACCCTGGTCACCGTCTCTTCAG","IGHV4-31","IGHJ4","IGHG1"]	IGHV4-31*00	IGHV4-31	IGHD7-27*00	IGHD7-27	IGHJ4*00
["GAAGTACAATTGGTGGAGTCGGGGGGAGGCTTGGTGCAGCCTGGCAGGCCCCTGAGACTCTCCTGTGCAGCCTCTGGATTCATCTTTGATAAATATGCCATGCACTGGGTCCGGCAACGTCCAGGGAAGGGCCCGGAGTGGGTCTCAGGAATCAATTGGGATAGCGGTAAAGTTGCCTATGCGGACTCTGTGAAGGGCCGCTTCACCATCTCCAGAGACAACGCCAACCACTCCCTGCATCTACAAATGAGCAGTCTAAGAGTTGAGGACACGGCCTTATATTACTGTGCAAAAGATCGAGGCCATCTTGTTGGCGATGCAGCGTACAATTTTGGCTCTTGGGGCCAGGGAACCCTGGTCACCGTCTCCCCAG","IGHV3-9","IGHJ4","IGHG1"]	IGHV3-9*00	IGHV3-9	IGHD5-24*00	IGHD5-24	IGHJ4*00
["GAAGTGCAGCTGGTGGACTCTGGGGGAGCCGTGGTACAGCCTGGGGGGGCCCTGAAACTCTCCTGTGCAGCCTCTGGATTCACCTTTGATGATTACACCATGCACTGGGTCCGTCAAACTCCGGGGAAGGCTCTGGAGTGGGTCTCTCTTATTACTTGGGATGGTGACACCACATACTATTCGGACTCTGTGAAGGGCCGATTCACCATCTCCAGAGACAACAACAAAAACTCCCTCTTTCTGCAAATGAACAGTCTGAGAAGTGAGGACACCGCCTTGTATTACTGTGTAAAAGCCAATAGTAGCAGCTGGTCCCCTTACTTTGACTCCTGGGGCCAGGGAGCCCTGGTCACCGTCTCCTCAG","IGHV3-43","IGHJ4","IGHG1"]	IGHV3-43*00	IGHV3-43	IGHD6-13*00	IGHD6-13	IGHJ4*00
["GAAGTGCAGCTGGTGGAGTCCGGGGGAGGCTCATTTGAGCCTGGGGGGTCCCTGAGACTCTCCTGTGCAGCCTCTGGATTCACTTTCAGTGACCACTGGATGGTCTGGATCCGCCAAACTCCAGGGAAGGAGTTGGTTTGGGTCTCACGTATTAATACCGGTGGGTCTAAGACAAACTATGCGGACTCCGTGAAGGGCCGATTCGCCATCTCCAGAGACAACGCCAAGAACACGGTATATCTACAAATGGACAGTCTGAGAGCCGAGGACACGGCTATATATTACTGTGCAAGAGCGACCTGCGGTACGGGGAATTATTGCCACTTTGACCACTGGGGCCCGGGAACCCTGGTCACCGTCTCCTCAG","IGHV3-74","IGHJ4","IGHG1"]	IGHV3-74*00	IGHV3-74	IGHD3-10*00	IGHD3-10	IGHJ4*00
["GAAGTGCAGCTGGTGGAGTCTGGGGGAGTCGTGGTGCAGCCGGGGGGGTCCCTGAGACTCTCCTGTGCAGCCTCTGGATTCGCCTTTGATGACTATACCATGCACTGGGTCCGTCAAACTCCGGGGAAGGGTCTGGAGTGGGTCTCTCTTATTAGTTGGAATGGTGCTCGTGCCCTCTATGCAGACTCTGTGGAGGGTCGATTCAGCATCTCCAGAGACAACATCAAAAAGTCCCTCTTTCTGCAAATGAACAGTCTGCGAGCTGACGACACCGCCTTATATTACTGTGCAAAAGGTCTAGGCGAACACTTCTTTGACTCATGGGGCCAGGGAGCCCTGGTCACCGTCTCCTCAG","IGHV3-43","IGHJ4","IGHG1"]	IGHV3-43*00	IGHV3-43	IGHD2-15*00	IGHD2-15	IGHJ4*00
["GAAGTTCAACTGGTGGACTCTGGGGGAGACTTGGTACAGCCTGGCAGGTCCCTGAGACTCTCCTGTGTAGCCTCTGGATTCACCTTTGATGATCATGGCATGCACTGGGTCCGGCAAGCTCCAGGGAAGGGCCTGGAGTGGGTCTCGGGTATTAATTGGGATGGTGGTAGGAAAGGCTGTGCGGACTCTGTGAAGGGCCGATTCACCATCTCCAGAGACAACGCCAAGAACTCCCTATATTTGGAGATGAACAGTCTGCGACCTGAGGACACGGCCTTATACTACTGTGCAAGGGAAGCTACGGAGTCTCATGGTTTTGACATCTGGGGCCAGGGGACAATGGTCATCGTCTCCTCAG","IGHV3-9","IGHJ3","IGHG1"]	IGHV3-9*00	IGHV3-9	IGHD1-7*00	IGHD1-7	IGHJ3*00
["GACGTGCAACTGGTGGAGTCTGGGGGAGGCTTGGTCCAGCCGGGGGGGTCCCTGAGACTCTCCTGTGTAGGCTCTGGATTCACTTTTAGTAATTATTGGATGACGTGGGTCCGCCAGGCTCCAGGGAAGGGACTGGAGTGGGTGGCCAACATGAGGCGAGATGGAAGTCAGCTACACTATGTGGACTCTGTGAAGGGCCGATTCACCATCTCCAGAGACAACGCCAAGAACGCACTGTTTCTGCATATGAACAACCTGAGAGCCGAGGACACGGCTGTGTACTTCTGTGCGAGAGATCTATCTTACTCTGATACTAGTGCTTATTACGATGTTTTTGACATCTGGGGCCGAGGGACAATGGTCATCGTCTCCTCAG","IGHV3-7","IGHJ3","IGHG1"]	IGHV3-7*00	IGHV3-7	IGHD3-22*00	IGHD3-22	IGHJ3*00
["GACGTGCAGGTGTTGGAGTCTGGGGGAGGCTTGGTACAGCCTGGGGGGTCCCTGAGACTCTCCTGTGCAGCCTCTGGGTTCACCTTTAGTAATTATGCCATGGCCTGGGTCCGCCAGCCTCCAGGGAAGGGACTGGAGTGGGTCTCTTCTATTAGTGGTTACACTGATAACACATTCTACGCGGACTCCGTGAGGGGCCGGTTCACCATCTCCAGAGACATTTCCAAGAAGACGCTGTATCTCCAAATGAACACCCTGAGAGTCGAGGACACGGCCACATATTATTGTGCGAAAGCTGGCTACGGTGACAATACAGGGGCAATTGACCGCTGGGGCCAGGGAACCCTGGTCAGCGTCGCCTCAG","IGHV3-23","IGHJ5","IGHG1"]	IGHV3-23*00	IGHV3-23	IGHD4-17*00	IGHD4-17	IGHJ5*00
["GAGGGGCAGCTGGCGGAGTCCGGGGGAAACTTAATTCAGTCTGGGGGGTCCCTGAGACTCTCCTGTGTAGCCTCTGGATTCAACTTCAGCAACTCCTGGATGCACTGGGTCCGCCAACCTCCAGGGAAGGGCCTGGTGTGGGTCGCACGTATTAGTAGTGATGGGCACAGAACAATTTATGCGGACTCCGTGAACGGCCGATTCAGCATCTCCAGAGACAACGCCAAAAACACGCTGTCTCTGCAAATGAACAGTCTGACAGCCGAAGACACGGCTGTGTATTACTGTGCAAGAGACGCGAACCCTTTTTGGAGTGGTTATTATGCTTCTTATTACTTCATGGACGTCTGGGGCAAAGGGACCACGGTCATCGTCTCCTCAG","IGHV3-74","IGHJ6","IGHG1"]	IGHV3-74*00	IGHV3-74	IGHD3-3*00	IGHD3-3	IGHJ6*00
["GAGGTGCAACTGGTGGAGTCTGGGGGAAGTGTGGTACGGCCTGGGGGGTCCCTGAGACTCTCCTGTGTAGGCTCTGGATTCACCTTTGAGGATTATGGCATGAGTTGGGTCCGCCAAGCTCCAGGGAAGGGGCTGGAGTGGGTCTCTGCCATCAATTGGAATGGTGGTAGTACAGGCTATGCAGACTCTGTGAAGGGCCGATTCACCATCTCCAGAGACAACGCCAACAACTCCCTTTATCTGCGAATGGACAGTCTGAGAGCCGAGGACACGGCCTTGTATTATTGTGTGAAAAGCAGCGATTACGATTTTTGGAGTGGTTCTAATTGGTTCGACCCCTGGGGCCAGGGAACCCTGGTCATCGTCTCCTCAG","IGHV3-20","IGHJ5","IGHG1"]	IGHV3-20*00	IGHV3-20	IGHD3-3*00	IGHD3-3	IGHJ5*00
["GAGGTGCAATTGTTGGAGTCTGGGGGAGGCCTGGAACAGCCTGGGGGGTCCCTGAGACTCTCTTGTTCAGCCTCTGGATTCACCTTTAACACCTTTGCCATGACCTGGGTCCGCCAGGCTCCAGGGAAGGGGCTGGAGTGGGTCTCAGTAATCAGTGGTAGTGGTGATAACACACATTACGCAGACTCCGTGGAGGGCCGCTTCACCGTCTCCAGAGACAATTCCAAGAACAAAATGTTCCTGCAAATGAACAGCCTGAGAGCCGAAGACACGGCCATATATTACTGTGCGAGAGATCCCCGATGGGGTTTTTCGGACTGCTGGGGCCAGGGAACCCTGGTCACCGTCTCCTCAG","IGHV3-23","IGHJ4","IGHG1"]	IGHV3-23*00	IGHV3-23	IGHD3-16*00	IGHD3-16	IGHJ4*00
["GAGGTGCACCTGGTGGAGTCTGGGGGAGGCCTGGTCAAGCCTGGGGGGTCCCTGAGACTCTCCTGTGCAGCCTCTGGATTCACCTTCAGTACTTATAGCATGAACTGGGTCCGCCAGGCTCCCGGGAAGGGGCTGGAGTGGGTCTCTTCCATTAGTCATACTGCTAAATACATGTACTACGCAGACTCAGTGAAGGGCCGAGTCACCATCTCCAGGGACAACGCCAAGAACTCACTGGATCTGCAGATGAACAGCCTGAGAGCCGAGGACACGGCTGTCTATTACTGTGCGAGAGGATACAGCCATCCAGATTGTGGTGGTGATTGCTATCCCCAGAATTTTGACTACTGGGGCCAGGGAATTCTGGTCACCGTCTCCTCAG","IGHV3-21","IGHJ4","IGHG1"]	IGHV3-21*00	IGHV3-21	IGHD2-21*00	IGHD2-21	IGHJ4*00
["GAGGTGCACCTGGTGGAGTCTGGGGGAGGCCTGGTCAAGCCTGGGGGGTCCCTGAGACTCTCCTGTGCAGCCTCTGGATTCAGTTTCAGTATTTATAGCATGAACTGGGTCCGCCAGGCTCCAGGGAAGGGGCTGGAGTGGGTCTCTTCCATTAGTCATACTGCTATATACATGTACTACGCAGACTCAGTGAAGGGCCGATTCACCATCTCTAGAGACAACGCCAAGAACTCACTGGATCTGCAAATGAACAGCCTGAGAGCCGAGGACACGGCTGTGTATTACTGTGCGAGAGGATACAGCCATCCAAATTGTGGTGGTGATTGCTATCCCCAGCATTCTGACTACTGGGGCCAGGGAATCCTGGTCACCGTCTCCTCAG","IGHV3-21","IGHJ4","IGHG1"]	IGHV3-21*00	IGHV3-21	IGHD2-21*00	IGHD2-21	IGHJ4*00
["GAGGTGCAGCTAGTGGAGTCTGGGGGAGGCTTGGTACAGCCTGGGGGGTCCCTGAGACTCTCCTGTGCAGCCTCTGGATTCACCTTTACTTCCAATAGCATGCACTGGGTCCGCCAGGCTCCAGGGAAGGGGCTGGAGTGGGTTTCATTCATTCATCCGAGTGGAAGTCCCATATTCCACGCAGACTCTGTGAAGGGCCGATTCACCATCTTCAGAGACAATGCCGAGAACTCACTGTATCTGCAAATGAGCAGCCTGACAGCCGAGGACACGGCTGTGTACTACTGTGCGAGATCTTCTCGGGACGGATTACCATTTACATACTTTGACTACTGGGGCCAGGGAACCCTGGTCACCGTCTCCTCAG","IGHV3-48","IGHJ4","IGHG1"]	IGHV3-48*00	IGHV3-48	IGHD3-3*00	IGHD3-3	IGHJ4*00
["GAGGTGCAGCTATTGGAGTCTGGGGGAGACTTGGTACAGCCTGAGGGGTCCCTGAGACTTTCCTGTGTGGCCTCTGGATTCCCCTTCAGAAGCTATGCTATGCACTGGGTCCGCCAGGCTCCAGGCAAGGGGCTGGAGTGGGTGGCACATATATGGCATGATGGAAGTAATAAATATTATGCAGACTCCGTGAAGGGCCGGTTCACCATCTCCAGAGACAACTCCAAGAACACGTTGTTTCTGCAAATGAACAGCCTGAGAGCCGAGGACACGGCCGTCTATTACTGTGCGAAGAGAGGAGAAACAGGTGGTTTTTACTACATGGACGTCTGGGGCGAGGGGACCACGGTCACCGTCTCCTCAG","IGHV3-23","IGHJ6","IGHG1"]	IGHV3-23*00	IGHV3-23	IGHD3-22*00	IGHD3-22	IGHJ6*00
["GAGGTGCAGCTGGTACAATCCGGGGGAGGCTTAGTTCAGCCGGGGGGGTCCCTGAGACTCTCATGTGAAGGCTCTGGATTCCTTGTAAAGAATTACTGGATGCACTGGGTCCGCCAAGGTCCAGGGAAGGGGCTGGTGTGGGTCGCACGTGTTAATGAAGATGGGACTATTACAAACCACGCGGACTCCGTGAGGGGCCGATTCACCATCTCCAAAGACACCGCCAAGAATACGGTGGACCTGCAAATGAACAGTCTGAGAGCCGACGACACGGCTGTCTATTACTGTATAAAAGACCAATATGGCCCAGAGGACTACTGGGGCCAGGGAACTGTGGTCACCGTCGCCTCAG","IGHV3-74","IGHJ4","IGHG1"]	IGHV3-74*00	IGHV3-74	IGHD2-21*00	IGHD2-21	IGHJ4*00
["GAGGTGCAGCTGGTGGAGTCCGGGGGAGGCCTAGTTCAGCCTGGGGGGTCCCTGAGACTCTCCTGTGCAGCCTCTGGATTCACCTTCAGTAGTCACTGGATGCAATGGGTCCGCCAAGCTCCAGGGAAGGGGCTGGTGTGGGTCTCACGTATTAATAGTGGTGGAAGTAGCACAACCTACGCGGACTCCGTGAAGGGCCGATTCACCATCTCCAGAGACAACGCCAAGAACACGCTATATCTGCAAATGAATAGTCTGAGAGTCGACGACACGGCTGTATATTATTGTGCAAGAGTCGGGGGAGGGACGGGCTACTACTACTACTACATGGACGTCTGGGGCAAAGGGACCACGGTCACCGTCTCCTCAG","IGHV3-74","IGHJ6","IGHG1"]	IGHV3-74*00	IGHV3-74	IGHD3-16*00	IGHD3-16	IGHJ6*00
["GAGGTGCAGCTGGTGGAGTCCGGGGGAGGCTTAGTTCAGCCCGGGGGGTCCCTGAGACTCTCCTGTGCAGCCTCTGGATTCACCTTCAGTAGTTACTGGATGCACTGGGTCCGCCAAGCTCCAGGGAAGGAGCTGGTTTGGGTCTCACGTACTAATACTGATGGGAGTAGCACAGCCTACGCGGACTCCGTGAAGGGCCGATTCACCATCTCCAGAGACAACGCCAAGAACACGCTCTATCTGCAAATGAACAGTCTGAGAGCCGAGGACACGGCTGTGTATTATTGTGCAAGAGATTGGAGTCGGGCTGGTCCCTCAACTATTGACTACTGGGGCCAGGGAACCCTGGTCACCGTCTCCTCAG","IGHV3-74","IGHJ4","IGHG1"]	IGHV3-74*00	IGHV3-74	IGHD6-19*00	IGHD6-19	IGHJ4*00
["GAGGTGCAGCTGGTGGAGTCCGGGGGAGGCTTAGTTCAGCCTGGGGGGTCCCTAAGACTCTCCTGTGCAGCCTCTGGATTCCCCTTCAGTAGGTACTGGATGCACTGGGTCCGCCAAGCTCCAGGGAAGGGGCTGGTGTGGGTCTCACGTATTAATGGTGATGGGAGAACCACAAACTACGCGGACTCCGTGAAGGGCCGATTCACCATCTCCAGAGACAACGCCAGGAACACGCTGTTTCTGCAAATGAACAGTCTGAGAGCCGAGGATACGGCTTTGTATTACTGTACAAGAGGGGGTGAAATAACAGTGGCTGGCATCGCCTTTGACTCCTGGGGCCAGGGAACCCTGGTCACCGTCTCCTCAG","IGHV3-74","IGHJ4","IGHG1"]	IGHV3-74*00	IGHV3-74	IGHD6-19*00	IGHD6-19	IGHJ4*00
["GAGGTGCAGCTGGTGGAGTCCGGGGGAGGCTTAGTTCAGCCTGGGGGGTCCCTGAGACTCTCCTGTGCAGCCTCGGGATTCACGTTCAGTAGCTACTGGATGCACTGGGTCCGCCAAGCTCCAGGGAAGGGGCTGGTGTGGGTCTCACGTATTAATAGTGATGGGAGTAGCACAAGCTACGCGGACTCCGTGAAGGGCCGACTCACCATCTCCAGAGACAACGCCAAGAACACGCTGTATCTGCAAATGAACAGTCTGAGAGCCGAGGACACGGCTGTGTATTACTGTGCAAGAGATCCCTATTGTAGTACTCCCAGCTGCTGGATTACCCTGGACGTCTGGGGCAAAGGGACCACGGTCACCGTCTCCTCAG","IGHV3-74","IGHJ6","IGHG1"]	IGHV3-74*00	IGHV3-74	IGHD2-2*00	IGHD2-2	IGHJ6*00
["GAGGTGCAGCTGGTGGAGTCCGGGGGAGGCTTAGTTCAGCCTGGGGGGTCCCTGAGACTCTCCTGTGCAGCCTCTGGATTCACCTTCAGTACTTCCTGGATGCACTGGGTCCGCCAAGCTCCAGGGAAGGGGCTGGTGTGGCTTTCACGTATTAATAGTGATGACAGTGCTAGAATCTACGCGGACTCCGTGAAGGGCCGATTCACCATCTCCAGAGACAACGCCAAGAACACACTGTATCTGCAAATGAGCAGTCTGAGAGCCGAGGACACGGCTGTGTATTACTGTGCAAGAGATTTTGACTACAATGTTGACTACTGGGGCCAGGGAACTCTGGTCACCGTCTCCTCAG","IGHV3-74","IGHJ4","IGHG1"]	IGHV3-74*00	IGHV3-74	IGHD2-15*00	IGHD2-15	IGHJ4*00
["GAGGTGCAGCTGGTGGAGTCCGGGGGAGGCTTAGTTCAGCCTGGGGGGTCCCTGAGACTCTCCTGTGCAGCCTCTGGATTCACCTTCAGTAGCTACTGGATGCACTGGGTCCGCCAAGCTCCAGGGAAGGGGCTGGTGTGGGTCTCACGTATTAATAGTGATGGGAGTAGCACAAGCTACGCGGACTCCGTGAAGGGCCGATTCACCATCTCCAGAGACAACGCCAAGAACACGCTGTATCTGCAAATGAACAGTCTGAGAGCCGAGGACACGGCTGTGTATTACTGTGCAAGAGAAAGGGTCAAAAGTTCCTCCTACGGTGACTACTGGTACTTCGATCTCTGGGGCCGTGGCACCCTGGTCACTGTCTCCTCAG","IGHV3-74","IGHJ2","IGHG1"]	IGHV3-74*00	IGHV3-74	IGHD4-17*00	IGHD4-17	IGHJ2*00
["GAGGTGCAGCTGGTGGAGTCGGGAGGAGGCTTGATCCAACCTGGGGGGTCCCTGAGACTCTCCTGTGCAGCCTCTGGGTTCACCGTCAGTAGGAAAGACATGAGCTGGGTCCGCCAGGCTCCAGGACAGGGGCTGGAGTGGGTCTCAGTTATTCGTAGCGGCGGGGCCACAGACTATGTAGACGCTGTGAAGGGCCGATTCACCGTCTCCAGAGACAATTCCAAGAACACGCTGGATCTTCAAATGAACAGCCTGAGAGCCGAGGACACGGCCGTGTATTACTGTGCGACCTCAAGCCAACTAGGTTGGGGACCGGATGGTTTTGATATCTGGGGCCAAGGGACAACGGTCATCGTCTCTTCAG","IGHV3-53","IGHJ3","IGHG1"]	IGHV3-53*00	IGHV3-53	IGHD3-16*00	IGHD3-16	IGHJ3*00
["GAGGTGCAGCTGGTGGAGTCTGGGGGAGCCGTGGTACAGCCTGGGGGGTCCCTGAGACTCTCCTGTGTAACCTCTGGATTCCCCTTTGATGAATATAGCATGCACTGGGTCCGTCAAGTTCCGGGGAAGGGTCTGGAGTGGGTATCTCTCATTAATTGGGATGGCAGTGGCACATATTATGGAGACTTTGTGGAGGGCCGATTCACCATCTCCAGAGACAACAGCAAAGACTCCCTCTATCTGCAAATGAACAGTCTGAGAGCTGAGGACACCGCCTTGTATTACTGTGCAAAAGACATTGAGAAATACGGTGCTTCTCCCGCATGTCTTCATCACTGGGGCCAAGGAACCCTGGTTACCGTCTCCTCAG","IGHV3-43","IGHJ4","IGHG1"]	IGHV3-43*00	IGHV3-43	IGHD4-17*00	IGHD4-17	IGHJ4*00
["GAGGTGCAGCTGGTGGAGTCTGGGGGAGGCTTGGTACAACCTGGGGGGTCCCTGAGACTCTCCTGTGCAGGCTCTGGATTCACCTTCAGCACCTATAGCATGGACTGGGTCCGCCAGGCTCCAGGAAAGGAACCGGAGTGGATTTCACACATTAGTACTGATAGCAATACCATCTACTACGCAGACTCTGTGAGGGGCCGATTCACCATCTCCAGGGACAACGCCGGGAACTCGTTGTTTCTGCAGATGAATCGCCTGAGAGCCGAAGACACGGCTGTTTATTACTGTGCGAGAGGCTGGCGAGAAAACACCTTTGACCTCTGGGGCCAGGGAACCCCGGTCACCGTCTCCTCAG","IGHV3-48","IGHJ5","IGHG1"]	IGHV3-48*00	IGHV3-48	IGHD2-2*00	IGHD2-2	IGHJ5*00
["GAGGTGCAGCTGGTGGAGTCTGGGGGAGGCTTGGTACAGCCTGGGGAGTCCCTGAGACTCTCCTGTGTTGCCTCTGGTTTCACCTTCAGTGATTATAGCATGAACTGGGTCCGCCAGGCTCCAGGGAAGGGGCTGGAGTGGATTTCATACATTGGTAGTCGTGGCACCATCCTGCACTACGCAGACTCTGTGAAGGGCCGATTCACCATCTCCAGAGACAATGCCGAGAACTCACTGTTTCTAGAGATGAAGAGCCTGAGAGCCGAGGACACGGCTGTTTATTACTGTGCGAGAGATTTTCTGTGGGGACTTGACTACTGGGGCCAGGGAATACTGGTCACCGTCTCCCCAG","IGHV3-48","IGHJ4","IGHG1"]	IGHV3-48*00	IGHV3-48	IGHD7-27*00	IGHD7-27	IGHJ4*00
["GAGGTGCAGCTGGTGGAGTCTGGGGGAGGCTTGGTACAGCCTGGGGGGTCCCTGAGACTCTCCTGTGCAGCCTCTGGATTCACCTTCAGTAGCTATAGCATGAACTGGGTCCGCCAGGCTCCAGCGAAGGGGCTGGAGTGGGTTTCATACATTAGTAGTGGTAGTAGTACCATATACTACGCAGACTCTGTGAAGGGCCGATTCACCATCTCCAGAGACAATGCCAAGAACTCACTGTATCTGCAAATGAACAGCCTGAGAGACGAGGACACGGCTGTGTATTACTGTGCGAGAGGGAAACCAACCGATCTCTGGGGCCGTGGCACCCTGGTCACTGTCTCCTCAG","IGHV3-48","IGHJ2","IGHG1"]	IGHV3-48*00	IGHV3-48	IGHD3-3*00	IGHD3-3	IGHJ2*00
["GAGGTGCAGCTGGTGGAGTCTGGGGGAGGCTTGGTCCAGCCGGGGGGGTCCCTGAGACTCTCCTGTGCAGCCTCTGGATTCACCTTCGATAACTATTGGATGACCTGGGTCCGCCAGGCTCCAGGGAAGGGGCTGGAGTGGATGGCCAACATAAACGAAGATGGAAGTCACAAAAAGTGTGTAGACTCTGTGAAGGGGCGATTCACCATCTCCAGAGACAACGCCAAGAACTCTCTGTATCTCCAAATGAACAGCTTGAGAGCCGAAGACACGGCTGTGTATTACTGTGCGAGAGATGATCGTAGGAGTTATTATGAGTATTGGGGCCAGGGAACCCTGGTCACCGTCTCCTCAG","IGHV3-7","IGHJ4","IGHG1"]	IGHV3-7*00	IGHV3-7	IGHD3-10*00	IGHD3-10	IGHJ4*00
["GAGGTGCAGCTGGTGGAGTCTGGGGGAGGCTTGGTCCAGCCTGGAGGGTCCCTGAGACTCTCCTGTGCAGTCTCTGGATTCAGCTTCAGTGACCACCACGTGGCCTGGGTCCGCCAGGCTCCAGGGAAGGGGCTGGAGTGGGTTGGCCGTACTAGAAACACAGGTAACACTTACAGCACAAACTACGCCGCGTCTGTGAAAGGCAGATTCACCATCTCAGGGGATGATTCAGAGAACTCAGTGTATCTGCAAATGAACAGCCTGAAAAGCGAGGACACGGCCGTGTATTATTGTGCTAGACAATCTGGAGCTGCTTTTGACTGCTGGGGCCAGGGAACCCTGGTCACCGTCTCCTCAG","IGHV3-72","IGHJ4","IGHG1"]	IGHV3-72*00	IGHV3-72	IGHD6-6*00	IGHD6-6	IGHJ4*00
["GAGGTGCAGCTGTTGGAGTCTGGGGGACGCTTGGTACAGCCTGGGGGGTCCCTGAGACTCTCCTGTGCAGCCTCTGGATTCACCTTTAGCAGCTATGCCCTGAGCTGGGTCCGCCAGCCTCCAGGGAAGGGGCTGGAGTGGGTCGCAGTTTTCAGTGGTAGTGGTGGTGGCACATCTTATGCAGACTCCGTGAAGGGCCGGTTCACCATCTCCAGAGACAATTTCAAGAATACGCTGTATCTGCAAATGAACAGCCTGAGAGCCGAGGACACGGCCGTATATTTCTGTGCGAAATTCCCGTATAGTAGCCCTGCCGGGTCCCACTTTGACTGCTGGGGCCAGGGAACCCTGGTCACCGTCTCCTCAG","IGHV3-23","IGHJ4","IGHG3"]	IGHV3-23*00	IGHV3-23	IGHD6-25*00	IGHD6-25	IGHJ4*00
["GAGGTGCAGCTGTTGGAGTCTGGGGGAGGCTTGGTACAGCCTGGGGGGTCCCTGAGACTCTCCTGCGCAGCCTCTGGATTCACATTTAGCAGTTATGCCATGACCTGGGTCCGCCAGGCTCCAGGGAAGGGGCTGGAGTGGGTCTCAACTATTAGTGGGAGAGGTGATATCACAGACTACTCAGACTCCGTAAAGGGGCGGATCACCAGCTCCAGAGACAATTCCAAGAGCACACTGTGGCTGCAGATGAACAGCCTGAGAGTCGAGGACACGGCCATTTATTTCTGTGCGAAGGATCAGTGGCATATCAATGGTTGGAATGATGCTTTTGATGTCTGGGGCCAAGGGACAATGGTCACCGTCTCTTCAG","IGHV3-23","IGHJ3","IGHG1"]	IGHV3-23*00	IGHV3-23	IGHD2-2*00	IGHD2-2	IGHJ3*00
["GAGGTGCAGCTGTTGGAGTCTGGGGGAGGCTTGGTACAGCCTGGGGGGTCCCTGAGACTCTCCTGTGCAGCCTCTGGATTCATCTTTAGTAACTATGCCATGAGCTGGGTCCGCCAGGCTCCAGGGAAGGGGCTGGAGTGGGTCTCAAGTATTAGTGGTAGTGGTGGTAGCACATACTACGCAGACTCCGTGAAGGGCCAGTTCATCATCTCCAGAGACAATTCCAAGAACACGCTGTATCTGCAAATGGACAGCCTGAGCGCCGAGGACACGGCCTTATATCATTGTGCGAAAGATCATATTGGCTGGTACGGCTACTTTGACTTCTGGGGCCAGGGAACCCTGGTCACCGTCTCCTCAG","IGHV3-23","IGHJ4","IGHG1"]	IGHV3-23*00	IGHV3-23	IGHD6-19*00	IGHD6-19	IGHJ4*00
["GAGGTGCAGCTGTTGGAGTCTGGGGGAGGCTTGGTTCAGCCTGGGGGGTCCCTGAGACTCTCCTGTGCAGCCTCTGGATTCACCTTTAACAACTATGCCGTGAGCTGGGTCCGCCAGGCTCCAGGGGAGGGGCTGGAATGGGTCTCAGCTATTAGTGGTAGTGGTGGTAGTACATATTACGCAGACTCCGTGAGGGGCCGGTTCTCCGTCTCCAGAGACAGTTCCAAGAACACGCTATATCTGCAAATGGATAGCCTCAGAGCCGAGGACACGGCCGTTTATTACTGTGCGAAAGGGAGCCACTGTGGGACCTACTGCTACGACTATTGGGGCCAGGGAACCCTGGTCACCGTCTCCTCAG","IGHV3-23","IGHJ4","IGHG1"]	IGHV3-23*00	IGHV3-23	IGHD6-19*00	IGHD6-19	IGHJ4*00
["GAGGTGCAGCTGTTGGAGTCTGGGGGAGGGTTGGCACAGCCTGGGGGGTCCCTGAGAGTCTCCTGTGCAGCCTCTGGATTCACCTTTAGCAGCTATGCCATGAGCTGGGTCCGCCAGGCTCCAGGGAAGGGGCTGGAGTGGGTCTCAAGTATTAGTGGGAGTGGTGACAACACATACTACGCAGACTCCGTGAAGGGCCGGTTCACCATCTCCAGAGACAATTCCAAGAACACGCTGTATCTGCAAATGAACAGCCTGGGAGACGAGGACACGGCCACATATTTCTGTGCGAAAGGAATTGGAAGGCGCACAGTGGGAACTCAACTTGACTACTGGGGCCAGGGCACCCTGGTCACCGTCTCCTCAG","IGHV3-23","IGHJ4","IGHG1"]	IGHV3-23*00	IGHV3-23	IGHD4-23*00	IGHD4-23	IGHJ4*00
["GAGGTGCAGGTGGTGGAGTCTGGGGGAGACTTGGTCCAGCCTGGGGGGTCCCTGAGACTCTCCTGTGCAGTCTCTGGATTCACCTTTAGTGACTTTTGGATGAGCTGGTTCCGCCAGGCTCCAGGGAAGGGGCTGGAGTGGGTGGCCAACATAAAGCACGATGGAAGTGAGAAGTACTATGTGGACTCTGTGAAGGGCCGATTCACCATCTCCAGAGACGACGCCAAGAACTCACTTTATCTGCAAATGAACAGCCTGAGAGTCGAGGACACGGCTGTGTACTACTGTGCGAGAGATGGGGCTAACTGGAACACCGATAGCTGCTTTGACTACTGGGGCCGGGGAACCCTGGTCACCGTCTCCTCAG","IGHV3-7","IGHJ4","IGHG1"]	IGHV3-7*00	IGHV3-7	IGHD1-20*00	IGHD1-20	IGHJ4*00
["GAGGTGCAGGTGGTGGAGTCTGGGGGAGGCTTGGTCCAGCCTGGGGGGTCCCTCAGACTCTCCTGTGCAGCCTCTGGATTCACCTTTAGTAGGTATTGGATGAGTTGGGTCCGCCAGGCTCCCGGGAAGGGGCTGGAGTGGGTGGCCGACATAGACGAAGATGGACGTGAGAAATACTTAGCGGACTCTGTGAAGGGCCGATTCACCATCTCCGGAGACAACGCCGAAAATTCGCGGTATCTGCAAATGAACAGCCTGAGAGCCGAAGACACGGCTGTCTACTATTGTGTGAGAGACCTAGGAGCAGGGGCTTTTGATATCTGGGGCCAAGGCATAATGGTCACCGTCTCTTCAG","IGHV3-7","IGHJ3","IGHG1"]	IGHV3-7*00	IGHV3-7	IGHD2-15*00	IGHD2-15	IGHJ3*00
["GAGGTGCAGTTGGTGCAGTCTGGAGCAGAGGTGAAAAAGCCGGGGGAGTCTCTGAAGATCTCCTGTAAGGGTTCCGGATACAACTTTACCAATCACTGGATCGGCTGGGTGCGCCAGATGCCCGGGAAAGGCCTGGAGTTGATGGGGATCATCTATCCTGGTGACTCTGACACCAGATACAGCCCGTCCTTCCAAGGCCAGGTCACCCTCTCAGCCGACAAGTCCGTCAGCACCGCCTACCTACAGTGGAACACCCTGGAGGCCTCGGACACCGCCATGTATTACTGTGCGAGGCGGGATTTATTGTACAACTGGTTCGACCCCTGGGGCCAGGGAACCCTGGTCACCGTCTCCCCAG","IGHV5-51","IGHJ5","IGHG1"]	IGHV5-51*00	IGHV5-51	IGHD3-10*00	IGHD3-10	IGHJ5*00
["GAGGTGCAGTTGGTGGAGTCCGGGGGAGGCCTAGTTCAGCCTGGGGGGTCCCTGAGACTCTCCTGTGCAGCCTCTGGATTCAGTTTCAGTAGTTACTGGATGCACTGGGTCCGCCAAGCTCCAGGGAAGGGGCTAATGTGGATCTCATATATTAATCCTCATGGGACTACGACAACCTACGCGGACTCCGTGGAGGGCCGATTCACCATCTCCAGAGACAACGCCAAGAACACACTGTATCTGCAACTGAACAGTCTGAGAGCCGAAGACACGGCTGTGTATTATTGTTGGTCGACTCCCGCGGGCCCCATCTGGGGCCAAGGGACAATGGTCACCGTCTCTTCAG","IGHV3-74","IGHJ3","IGHG1"]	IGHV3-74*00	IGHV3-74	IGHD3-10*00	IGHD3-10	IGHJ3*00
["GAGGTGCAGTTGTTGGAGTCTGGGGGAGGCTTGGTACAGCCTGGGGGGTCCCTGAGACTCTCCTGTGCAGCCTCTGGATTCACCTTCATCAAGTATGCCATGGGCTGGGTCCGCCAGGCTCCAGGGAAGGGGCTAGAGTGGGTCTCAGCTATTAATTATAATGGTGGTAGCACACACTACGCAGACTCCGTGAAGGGCCGGTTCACCATCTCCAGAGACAATTCCAAGAATACCCTGGATCTGCAGATGAACAGCCTGAGAGGCGAGGACACGGCCTTATATTTCTGTGCGAAAAGGGAGGCCGCGGGAGGTGCTTTTGATATCTGGGGCCTAGGGACAATGGTCACCGTCTCTTCAG","IGHV3-23","IGHJ3","IGHG1"]	IGHV3-23*00	IGHV3-23	IGHD3-10*00	IGHD3-10	IGHJ3*00
["GAGGTGCGATTGGTGGAATCTGGAGGAGGCTTGATCCGGCCTGGGGGGTCCCTGCGACTCTCCTGTACAGTCTCAGGGTTCACCGTCAGTGACAACTACATGAGCTGGGTCCGCCAGGCTCCAGGGAAGGGGCTGGAGTGGGTCTCAGTTATTTATATCCGTGGTAGGACATTCTACGCAGACTCCGTGAAGGGCCGATTCACCATCTCCAGAGACAATTCCAAGAACACGCTGTATCTTCAAATGAACAGACTGAGAGCCGAGGACACGGCCATCTATTACTGTGCGAGAGATTGGGGCTTCTGGGGCCAGGGAACCCTGGTCACCGTCTCCTCAG","IGHV3-53","IGHJ4","IGHG1"]	IGHV3-53*00	IGHV3-53	IGHD3-16*00	IGHD3-16	IGHJ4*00
["GCGGTGCAGCTGGTGGAATCCGGGGGAGACTTAGTTCAGCCTGGGGGGTCTCTGAGACTCTCCTGTGAAGCCTCTGGATTCACCCTCAGTGACTACTGGATGCACTGGGTCCGCCAAGCTCCAGGGAAGGGGCTGGAGTGGGTCTCACGTATTAGTGATAGGGATGGGAGTGTCACAGATTACGTGGACTCCGTGAAGGGCCGATTCACCATCTCCAGAGACAACGCCAAGAACACCCTGTATCTGCACATGAACAGTCTGAGAGCCGAAGACACGGCTACATATTTCTGTGCAAAAGATCTTTCTGGGGCCTACGACTACTGGGGCCAGGGAACCCTGGTCACCGTCTCCTCAG","IGHV3-74","IGHJ4","IGHG1"]	IGHV3-74*00	IGHV3-74	IGHD7-27*00	IGHD7-27	IGHJ4*00
["TGATTGAAACACGCCCCCGGACAAGGGCTTGAAAGGACGACCTGGAAAACACTTTACAATGGTCACACCGACACTCCAAGGAAGTTCCGGGGCAGAGTCACCATTCCCTGGGACATGTCGCTGAGGACAGTCTGCTTCAATCTGAGGAGCCTGAGATCTGAGGACTCGGCCGTGACTCAATTTTTGTGTCCATCCCTGGGGCCAGGGCGCCCGGGTCATCGTCTCCTCAG","IGHV1-68","IGHJ1","IGHG1"]	IGHV1-68*00	IGHV1-68	IGHD3-3*00	IGHD3-3	IGHJ1*00
